user_id,total_videos,avg_affinity_score,avg_rating,like_rate,avg_sentiment
0,18.0,0.6327777777777777,0.6111111111111112,0.6111111111111112,0.5333333333333334
1,31.0,0.6590233719112637,0.6708315265933744,0.7096774193548387,0.5797133600360388
2,29.0,0.566871535673368,0.5185851148142703,0.5172413793103449,0.6126163867110802
3,42.0,0.6378029241218162,0.6811633925382261,0.6190476190476191,0.5952741658169832
4,38.0,0.6831325744699164,0.7041972932050791,0.7894736842105263,0.5907219321972863
5,33.0,0.6390237624239238,0.693472351852098,0.6363636363636364,0.5504234771463464
6,30.0,0.5822880660352219,0.5454885170090175,0.5666666666666667,0.5573750684360097
7,44.0,0.6310133321073926,0.6209648375679852,0.7045454545454546,0.585008568417952
8,33.0,0.632874756852612,0.6561809437455282,0.6666666666666666,0.6009902889322928
9,33.0,0.6829815970213162,0.6884399171371871,0.8181818181818182,0.5922710738311253
10,44.0,0.6179186703085677,0.6080761142987611,0.6136363636363636,0.6084465537306082
11,44.0,0.6382190267180076,0.6056324859315371,0.7045454545454546,0.6071036439765577
12,37.0,0.6104958553606328,0.6456517337881378,0.5675675675675675,0.5857796174532336
13,33.0,0.6527596518757124,0.6985136689560663,0.696969696969697,0.584958445340123
14,34.0,0.5984849287493785,0.6441867947360538,0.5294117647058824,0.5789502060294386
15,41.0,0.6213954333302913,0.6121301918724831,0.6829268292682927,0.619103785919815
16,48.0,0.6110382384507841,0.5773832051017024,0.7083333333333334,0.5738212839622506
17,36.0,0.6307773531707114,0.6280247950481677,0.6944444444444444,0.5651407625959648
18,42.0,0.6352971298305656,0.6466638566719948,0.6904761904761905,0.6089308576802943
19,37.0,0.6212358513089491,0.714943960048745,0.5945945945945946,0.5388312825230349
20,47.0,0.596571800548469,0.5768507131734051,0.6595744680851063,0.5857406376084803
21,33.0,0.6280852026292135,0.6136867656965221,0.6666666666666666,0.5829476338728188
22,39.0,0.6134219865797701,0.6308617096706575,0.6153846153846154,0.5906305792891521
23,39.0,0.6755458705384965,0.6545426554903935,0.7948717948717948,0.6181958420875163
24,46.0,0.6319241965599192,0.6557673286308987,0.6739130434782609,0.5983340016999287
25,47.0,0.6267307662560635,0.6272565234413338,0.6382978723404256,0.5953829194917021
26,43.0,0.6291186263560099,0.6874490504990922,0.6511627906976745,0.5708919287914778
27,32.0,0.6655286769877746,0.7198714823332225,0.6875,0.5817588234613966
28,36.0,0.7071327231813294,0.7954234760258061,0.7777777777777778,0.5992603454124121
29,45.0,0.5895913144172,0.5560175693662968,0.6444444444444445,0.5743345281661324
30,35.0,0.600040540425031,0.5879716154342999,0.6,0.581847563878865
31,47.0,0.5583365064871602,0.4499554522631033,0.6382978723404256,0.6029606592798581
32,37.0,0.6367021053610987,0.6479317214374587,0.6756756756756757,0.5933038916005575
33,37.0,0.6438413403548345,0.7030269882662508,0.6756756756756757,0.6107622231151776
34,43.0,0.5740496619052154,0.5434996449910541,0.5813953488372093,0.6095025338033534
35,40.0,0.6579169794830648,0.6796981443196597,0.7,0.5870586966170807
36,36.0,0.6710194086489927,0.7142491391239156,0.7222222222222222,0.5985824595115679
37,39.0,0.6172685201488357,0.6233248516177381,0.717948717948718,0.5410515360625414
38,46.0,0.5998255975947115,0.6298219155928338,0.5217391304347826,0.6487314232589783
39,43.0,0.6343893713527831,0.6756848097064772,0.6511627906976745,0.5858589605886656
40,46.0,0.6139216786607445,0.6000614154398767,0.6521739130434783,0.5937169332390895
41,47.0,0.6329576640824177,0.6635617187455979,0.6382978723404256,0.6239967595846104
42,46.0,0.6369657878248728,0.6419623785676067,0.717391304347826,0.5954935604341689
43,44.0,0.6327310680621414,0.681112668825864,0.6136363636363636,0.589623049431524
44,42.0,0.6169082191985892,0.6432131583886663,0.5952380952380952,0.6327058547329804
45,42.0,0.5899852035050743,0.5981059300736765,0.5476190476190477,0.5930135921230176
46,45.0,0.6501693376546334,0.7040699560651927,0.6888888888888889,0.5849674643358956
47,45.0,0.6293112683881223,0.6754443874583136,0.6222222222222222,0.6078451315732513
48,30.0,0.659464005844463,0.7396824926000377,0.6333333333333333,0.6200374162537765
49,46.0,0.6242188742883006,0.5955670724237611,0.6956521739130435,0.5743962974705632
50,46.0,0.5652341010726413,0.6060255214155424,0.43478260869565216,0.5990726649900521
51,49.0,0.6528821545729726,0.6346463068847943,0.6938775510204082,0.6472054254270967
52,42.0,0.6297319203075333,0.6607060090756199,0.6666666666666666,0.6153431998485842
53,40.0,0.6022687886865987,0.5738708774046077,0.65,0.5987435132362433
54,39.0,0.628468303227398,0.6233236239296419,0.6923076923076923,0.5967752020183122
55,43.0,0.5954110944164015,0.5270383151766104,0.6744186046511628,0.6259665692762453
56,43.0,0.6235027553878482,0.6459022065887643,0.6976744186046512,0.5702166152020752
57,37.0,0.582920018335946,0.6055447798833744,0.5135135135135135,0.6303817041375043
58,37.0,0.6246742541539962,0.6675789784648503,0.5945945945945946,0.5677327126892779
59,37.0,0.5959402051818168,0.5624698520531015,0.6486486486486487,0.5883919803363193
60,60.0,0.610886435712328,0.6618931280671368,0.5666666666666667,0.5852107771381834
61,47.0,0.5778311152020276,0.5104995750682298,0.5957446808510638,0.6083571638471359
62,50.0,0.6975229595215705,0.7820062277895081,0.76,0.5929834540879253
63,33.0,0.682155578959278,0.7612791933124655,0.7272727272727273,0.6028094892609481
64,40.0,0.6365999536487686,0.6666404962756687,0.675,0.5816324414411377
65,46.0,0.614038848154275,0.6339124606147063,0.6304347826086957,0.5650321196796753
66,35.0,0.6080871891851086,0.609135713126833,0.6571428571428571,0.5660842761616395
67,45.0,0.6600522061125064,0.7553760066199364,0.6666666666666666,0.6141623407671258
68,47.0,0.5921196801778429,0.5289079759481009,0.6382978723404256,0.6331734098647057
69,44.0,0.5997797589111155,0.6260459227760344,0.6136363636363636,0.5781809058075975
70,38.0,0.5868887160871937,0.5525446766339737,0.5789473684210527,0.5966367996031737
71,41.0,0.6361019043992527,0.6174787241398654,0.7560975609756098,0.5844974075453737
72,45.0,0.608033048472712,0.5292325167737185,0.7111111111111111,0.5774326398031063
73,32.0,0.6252272157028448,0.5923101535715146,0.71875,0.5799409720511869
74,31.0,0.6807229130296719,0.712475292532628,0.7741935483870968,0.5860544148115758
75,35.0,0.6176595964990911,0.5650810356786041,0.6857142857142857,0.5895599445678249
76,39.0,0.5920809831787363,0.649160772401095,0.5641025641025641,0.5957298112440587
77,37.0,0.6169632096032709,0.6039595282541892,0.6216216216216216,0.6239107083429448
78,37.0,0.6168274655796488,0.6488924978461091,0.6216216216216216,0.5900049896753164
79,41.0,0.6319678806017558,0.6377750913542374,0.7317073170731707,0.5551179065997368
80,39.0,0.6403506343252211,0.7516644606278609,0.6153846153846154,0.5532830846866359
81,17.0,0.7008823529411765,0.7647058823529411,0.7058823529411765,0.6058823529411765
82,18.0,0.6594444444444445,0.7222222222222222,0.6666666666666666,0.5444444444444444
83,18.0,0.7283333333333332,0.75,0.7777777777777778,0.6222222222222221
84,18.0,0.7163888888888889,0.6805555555555556,0.8333333333333334,0.6555555555555554
85,18.0,0.705,0.6666666666666666,0.8333333333333334,0.6
86,18.0,0.6444444444444445,0.6111111111111112,0.6666666666666666,0.5777777777777777
87,47.0,0.6595744680851059,0.5904255319148937,0.7446808510638298,0.5638297872340424
88,18.0,0.715,0.7777777777777778,0.7222222222222222,0.5777777777777778
89,28.0,0.7430357142857141,0.7589285714285714,0.9642857142857143,0.5285714285714286
90,20.0,0.7290000000000001,0.75,0.8,0.6199999999999999
91,17.0,0.6473529411764706,0.5294117647058824,0.8235294117647058,0.5705882352941177
92,18.0,0.7291666666666667,0.7638888888888888,0.8333333333333334,0.5666666666666667
93,19.0,0.7134210526315788,0.6842105263157895,0.8421052631578947,0.6052631578947367
94,18.0,0.7136111111111111,0.7638888888888888,0.8333333333333334,0.5444444444444445
95,18.0,0.7363888888888888,0.6805555555555556,0.9444444444444444,0.6111111111111112
96,21.0,0.725,0.7142857142857143,0.9047619047619048,0.5666666666666667
97,19.0,0.7168421052631578,0.6710526315789473,0.8947368421052632,0.5947368421052631
98,19.0,0.6992105263157893,0.5789473684210527,0.8947368421052632,0.6473684210526315
99,17.0,0.6138235294117647,0.4411764705882353,0.7058823529411765,0.6176470588235294
100,18.0,0.5669444444444444,0.4861111111111111,0.5555555555555556,0.5555555555555555
101,18.0,0.7697222222222222,0.8472222222222222,0.8888888888888888,0.6000000000000001
102,18.0,0.7274999999999998,0.6805555555555556,0.9444444444444444,0.5888888888888889
103,18.0,0.6911111111111111,0.7222222222222222,0.6666666666666666,0.6444444444444444
104,18.0,0.6552777777777777,0.6527777777777778,0.7222222222222222,0.5555555555555556
105,18.0,0.7541666666666667,0.875,0.8333333333333334,0.5333333333333333
106,18.0,0.7066666666666666,0.8055555555555556,0.6666666666666666,0.5666666666666668
107,18.0,0.7688888888888887,0.8888888888888888,0.8888888888888888,0.5333333333333334
108,18.0,0.7133333333333334,0.7777777777777778,0.7222222222222222,0.611111111111111
109,18.0,0.7136111111111111,0.7083333333333334,0.8888888888888888,0.5555555555555555
110,17.0,0.713235294117647,0.6764705882352942,0.8823529411764706,0.5705882352941176
111,18.0,0.6194444444444444,0.5555555555555556,0.6111111111111112,0.6
112,18.0,0.6927777777777777,0.75,0.7222222222222222,0.5888888888888888
113,18.0,0.6877777777777777,0.6388888888888888,0.7777777777777778,0.6333333333333333
114,18.0,0.7677777777777779,0.9444444444444444,0.7222222222222222,0.5888888888888888
115,18.0,0.8008333333333334,0.9583333333333334,0.8888888888888888,0.5777777777777777
116,18.0,0.7188888888888888,0.6666666666666666,0.8888888888888888,0.6
117,16.0,0.6812499999999999,0.625,0.875,0.5249999999999999
118,17.0,0.7361764705882351,0.7058823529411765,0.9411764705882353,0.5823529411764706
119,18.0,0.715,0.6666666666666666,0.9444444444444444,0.5555555555555556
120,17.0,0.6464705882352941,0.6323529411764706,0.6470588235294118,0.5352941176470589
121,18.0,0.6669444444444443,0.6805555555555556,0.6666666666666666,0.5444444444444444
122,18.0,0.7538888888888889,0.75,1.0,0.5555555555555556
123,18.0,0.7080555555555557,0.8472222222222222,0.7222222222222222,0.5333333333333333
124,18.0,0.7130555555555556,0.7361111111111112,0.7777777777777778,0.5777777777777777
125,18.0,0.5538888888888889,0.5,0.5,0.5555555555555556
126,18.0,0.6441666666666666,0.5416666666666666,0.7222222222222222,0.5777777777777778
127,17.0,0.7808823529411765,0.8823529411764706,0.8823529411764706,0.5941176470588235
128,18.0,0.7469444444444444,0.7361111111111112,1.0,0.5444444444444444
129,18.0,0.6955555555555555,0.6388888888888888,0.8888888888888888,0.5666666666666667
130,18.0,0.6747222222222223,0.6805555555555556,0.7777777777777778,0.5444444444444445
131,18.0,0.7677777777777778,0.7777777777777778,0.9444444444444444,0.6333333333333333
132,18.0,0.7611111111111111,0.8611111111111112,0.8333333333333334,0.5777777777777777
133,19.0,0.7484210526315788,0.8289473684210527,0.8947368421052632,0.531578947368421
134,18.0,0.6347222222222224,0.6527777777777778,0.5555555555555556,0.6
135,36.0,0.6352777777777776,0.6388888888888888,0.6388888888888888,0.5555555555555555
136,35.0,0.6567142857142857,0.6428571428571429,0.7428571428571429,0.5457142857142857
137,18.0,0.7777777777777778,0.9444444444444444,0.8333333333333334,0.5444444444444445
138,17.0,0.6688235294117647,0.6911764705882353,0.7058823529411765,0.5235294117647059
139,17.0,0.6020588235294119,0.5294117647058824,0.5294117647058824,0.5705882352941176
140,18.0,0.5783333333333334,0.4722222222222222,0.5,0.5666666666666665
141,18.0,0.7386111111111111,0.7638888888888888,0.8888888888888888,0.5888888888888888
142,17.0,0.5591176470588236,0.5294117647058824,0.47058823529411764,0.5705882352941176
143,17.0,0.7979411764705883,0.8823529411764706,0.9411764705882353,0.6176470588235294
144,18.0,0.7913888888888889,0.9305555555555556,0.9444444444444444,0.5444444444444445
145,18.0,0.6916666666666668,0.6666666666666666,0.7777777777777778,0.5888888888888888
146,17.0,0.7244117647058822,0.6764705882352942,0.8823529411764706,0.6294117647058822
147,18.0,0.6638888888888886,0.6388888888888888,0.6666666666666666,0.6222222222222222
148,18.0,0.4947222222222223,0.3472222222222222,0.4444444444444444,0.5444444444444445
149,18.0,0.6655555555555556,0.6111111111111112,0.6666666666666666,0.6222222222222221
150,18.0,0.7033333333333334,0.75,0.7777777777777778,0.5222222222222223
151,18.0,0.6005555555555555,0.5,0.5,0.6222222222222221
152,18.0,0.645,0.5277777777777778,0.7777777777777778,0.5555555555555556
153,18.0,0.6997222222222222,0.7361111111111112,0.7222222222222222,0.5666666666666667
154,18.0,0.5813888888888887,0.4583333333333333,0.6666666666666666,0.5222222222222223
155,18.0,0.6822222222222222,0.6944444444444444,0.6666666666666666,0.5888888888888889
156,18.0,0.6958333333333333,0.7083333333333334,0.6666666666666666,0.6666666666666665
157,18.0,0.7030555555555557,0.7361111111111112,0.6666666666666666,0.6222222222222221
158,61.0,0.674672131147541,0.6639344262295082,0.7540983606557377,0.5721311475409835
159,16.0,0.7284374999999998,0.765625,0.75,0.625
160,18.0,0.7338888888888889,0.8055555555555556,0.7777777777777778,0.5777777777777777
161,63.0,0.6513492063492065,0.6428571428571429,0.6984126984126984,0.5603174603174603
162,18.0,0.6666666666666666,0.6944444444444444,0.6111111111111112,0.6222222222222221
163,18.0,0.6458333333333334,0.625,0.6111111111111112,0.6222222222222221
164,18.0,0.7827777777777779,0.9166666666666666,0.8888888888888888,0.5555555555555556
165,18.0,0.7680555555555555,0.9027777777777778,0.8333333333333334,0.5555555555555556
166,18.0,0.5530555555555555,0.4305555555555556,0.5555555555555556,0.5666666666666668
167,18.0,0.7497222222222222,0.9027777777777778,0.7222222222222222,0.5666666666666667
168,18.0,0.6416666666666667,0.6388888888888888,0.6666666666666666,0.5333333333333333
169,18.0,0.5744444444444444,0.5277777777777778,0.5,0.5777777777777778
170,18.0,0.7288888888888888,0.8333333333333334,0.8333333333333334,0.5222222222222223
171,18.0,0.7288888888888888,0.8611111111111112,0.7222222222222222,0.5333333333333333
172,22.0,0.7353636363636362,0.8636363636363636,0.7272727272727273,0.5545454545454546
173,17.0,0.6682352941176471,0.6323529411764706,0.7058823529411765,0.6058823529411764
174,18.0,0.7602777777777777,0.9305555555555556,0.7777777777777778,0.5333333333333334
175,21.0,0.7297619047619047,0.8809523809523809,0.7142857142857143,0.5190476190476191
176,18.0,0.7736111111111111,0.9305555555555556,0.8333333333333334,0.5444444444444444
177,18.0,0.6675,0.7083333333333334,0.6111111111111112,0.5555555555555556
178,18.0,0.7177777777777777,0.8333333333333334,0.7222222222222222,0.5222222222222223
179,17.0,0.7179411764705883,0.7941176470588235,0.7058823529411765,0.5823529411764706
180,18.0,0.7344444444444445,0.8888888888888888,0.7222222222222222,0.5222222222222221
181,18.0,0.7547222222222222,0.9305555555555556,0.7777777777777778,0.5111111111111111
182,18.0,0.7666666666666667,0.9166666666666666,0.8333333333333334,0.5333333333333333
183,18.0,0.6730555555555555,0.7083333333333334,0.6111111111111112,0.5777777777777777
184,18.0,0.7344444444444445,0.8333333333333334,0.8333333333333334,0.5444444444444445
185,18.0,0.7363888888888889,0.9305555555555556,0.6666666666666666,0.5222222222222221
186,17.0,0.661470588235294,0.5294117647058824,0.7647058823529411,0.6294117647058822
187,20.0,0.758,0.925,0.75,0.5999999999999999
188,18.0,0.7505555555555556,0.8333333333333334,0.7777777777777778,0.611111111111111
189,18.0,0.6947222222222224,0.7083333333333334,0.6666666666666666,0.6222222222222221
190,18.0,0.7011111111111111,0.7222222222222222,0.7222222222222222,0.5888888888888889
191,19.0,0.7473684210526317,0.8026315789473685,0.7894736842105263,0.6263157894736842
192,18.0,0.7402777777777779,0.8194444444444444,0.7777777777777778,0.5999999999999999
193,17.0,0.6829411764705882,0.5735294117647058,0.8235294117647058,0.6176470588235293
194,18.0,0.6891666666666666,0.7916666666666666,0.6111111111111112,0.6222222222222222
195,18.0,0.6333333333333334,0.5833333333333334,0.7222222222222222,0.5111111111111111
196,17.0,0.6979411764705882,0.7941176470588235,0.6470588235294118,0.6176470588235294
197,18.0,0.6799999999999999,0.6944444444444444,0.6111111111111112,0.6222222222222222
198,21.0,0.741904761904762,0.8690476190476191,0.7619047619047619,0.5571428571428572
199,18.0,0.7247222222222223,0.8472222222222222,0.7222222222222222,0.5333333333333333
200,33.0,0.7237878787878788,0.7424242424242424,0.8181818181818182,0.5969696969696968
201,72.0,0.6945138888888889,0.7048611111111112,0.8055555555555556,0.5499999999999999
202,18.0,0.7472222222222222,0.8611111111111112,0.8333333333333334,0.5222222222222223
203,18.0,0.757222222222222,0.9166666666666666,0.7777777777777778,0.5777777777777778
204,18.0,0.6477777777777776,0.5277777777777778,0.7777777777777778,0.5666666666666667
205,36.0,0.7537500000000001,0.8680555555555556,0.8333333333333334,0.5666666666666665
206,18.0,0.6913888888888889,0.7083333333333334,0.7222222222222222,0.5666666666666668
207,18.0,0.6280555555555556,0.5416666666666666,0.6666666666666666,0.5555555555555556
208,17.0,0.6888235294117647,0.6029411764705882,0.8235294117647058,0.6058823529411765
209,18.0,0.6391666666666667,0.4861111111111111,0.8333333333333334,0.5666666666666667
210,18.0,0.6575,0.5694444444444444,0.7777777777777778,0.5555555555555556
211,18.0,0.7166666666666665,0.6944444444444444,0.8333333333333334,0.5999999999999999
212,18.0,0.7502777777777778,0.8194444444444444,0.8333333333333334,0.6111111111111112
213,35.0,0.6787142857142855,0.6857142857142857,0.6571428571428571,0.6199999999999997
214,18.0,0.6616666666666667,0.5277777777777778,0.7777777777777778,0.6222222222222222
215,19.0,0.7107894736842104,0.6578947368421053,0.8947368421052632,0.5736842105263157
216,18.0,0.6875,0.5972222222222222,0.8333333333333334,0.6
217,17.0,0.6755882352941176,0.5588235294117647,0.8235294117647058,0.6058823529411764
218,18.0,0.6430555555555554,0.5138888888888888,0.7222222222222222,0.6333333333333332
219,17.0,0.6608823529411765,0.5294117647058824,0.8235294117647058,0.5823529411764705
220,18.0,0.5627777777777776,0.4166666666666667,0.5,0.611111111111111
221,18.0,0.6602777777777777,0.5694444444444444,0.7777777777777778,0.5666666666666667
222,18.0,0.5869444444444444,0.5416666666666666,0.5,0.6111111111111112
223,17.0,0.6738235294117647,0.7352941176470589,0.6470588235294118,0.6058823529411764
224,18.0,0.6588888888888889,0.5277777777777778,0.7777777777777778,0.6111111111111112
225,18.0,0.6694444444444447,0.6111111111111112,0.8333333333333334,0.5111111111111111
226,18.0,0.5452777777777779,0.4305555555555556,0.5,0.5777777777777777
227,18.0,0.676111111111111,0.6111111111111112,0.8333333333333334,0.5777777777777778
228,18.0,0.6630555555555555,0.5416666666666666,0.7777777777777778,0.611111111111111
229,18.0,0.5500000000000002,0.4444444444444444,0.4444444444444444,0.5555555555555556
230,17.0,0.6761764705882353,0.5882352941176471,0.7647058823529411,0.6176470588235293
231,186.0,0.6122401433691759,0.4543010752688172,0.7526881720430108,0.5784946236559148
232,214.0,0.617172897196262,0.4567757009345794,0.7663551401869159,0.5841121495327111
233,18.0,0.6836111111111111,0.7638888888888888,0.6111111111111112,0.6333333333333332
234,18.0,0.6136111111111111,0.4583333333333333,0.7222222222222222,0.5555555555555556
235,17.0,0.6585294117647059,0.5294117647058824,0.7647058823529411,0.6176470588235293
236,18.0,0.6558333333333334,0.7083333333333334,0.6111111111111112,0.5888888888888888
237,18.0,0.6544444444444444,0.6388888888888888,0.6666666666666666,0.6111111111111112
238,18.0,0.7650000000000001,0.9722222222222222,0.7222222222222222,0.5444444444444445
239,17.0,0.6979411764705883,0.7058823529411765,0.7058823529411765,0.664705882352941
240,18.0,0.6719444444444443,0.625,0.8333333333333334,0.5444444444444444
241,18.0,0.6741666666666667,0.5694444444444444,0.7777777777777778,0.6222222222222222
242,18.0,0.6036111111111111,0.5972222222222222,0.5,0.611111111111111
243,18.0,0.7538888888888889,0.8888888888888888,0.7222222222222222,0.6000000000000001
244,20.0,0.5942500000000001,0.5875,0.55,0.55
245,18.0,0.6852777777777777,0.625,0.7777777777777778,0.6
246,18.0,0.5711111111111111,0.5277777777777778,0.5,0.5777777777777777
247,17.0,0.6844117647058824,0.5882352941176471,0.8235294117647058,0.6058823529411764
248,18.0,0.6922222222222222,0.6666666666666666,0.7777777777777778,0.5777777777777777
249,17.0,0.6947058823529411,0.6029411764705882,0.8235294117647058,0.6294117647058823
250,18.0,0.7408333333333333,0.875,0.7777777777777778,0.5222222222222224
251,20.0,0.579,0.45,0.55,0.57
252,18.0,0.6958333333333332,0.625,0.8333333333333334,0.6
253,18.0,0.6616666666666666,0.5555555555555556,0.7777777777777778,0.5888888888888888
254,18.0,0.6630555555555556,0.5694444444444444,0.7777777777777778,0.5777777777777777
255,18.0,0.6672222222222222,0.5277777777777778,0.7777777777777778,0.6444444444444444
256,18.0,0.6686111111111112,0.5694444444444444,0.7777777777777778,0.6
257,18.0,0.6775,0.625,0.8333333333333334,0.5666666666666668
258,18.0,0.616111111111111,0.5277777777777778,0.6111111111111112,0.5666666666666667
259,18.0,0.6436111111111109,0.4861111111111111,0.7777777777777778,0.6
260,18.0,0.6708333333333333,0.5694444444444444,0.7777777777777778,0.6222222222222221
261,18.0,0.6072222222222223,0.4722222222222222,0.6666666666666666,0.5555555555555556
262,18.0,0.5872222222222221,0.6388888888888888,0.4444444444444444,0.5777777777777778
263,18.0,0.6930555555555556,0.6527777777777778,0.8333333333333334,0.5555555555555555
264,18.0,0.6880555555555555,0.5972222222222222,0.7777777777777778,0.6444444444444444
265,18.0,0.6769444444444445,0.5972222222222222,0.7777777777777778,0.6
266,18.0,0.7019444444444444,0.6527777777777778,0.7777777777777778,0.6333333333333332
267,21.0,0.6180952380952381,0.6071428571428571,0.5714285714285714,0.5666666666666667
268,18.0,0.6825,0.625,0.7777777777777778,0.588888888888889
269,18.0,0.6533333333333333,0.6111111111111112,0.7222222222222222,0.5444444444444445
270,18.0,0.7361111111111112,0.8333333333333334,0.8333333333333334,0.5111111111111111
271,18.0,0.6825000000000001,0.625,0.7777777777777778,0.5888888888888889
272,18.0,0.658888888888889,0.6944444444444444,0.6111111111111112,0.5777777777777777
273,18.0,0.6552777777777777,0.5416666666666666,0.7222222222222222,0.6222222222222221
274,18.0,0.6497222222222222,0.5138888888888888,0.8333333333333334,0.5888888888888889
275,18.0,0.6511111111111112,0.6666666666666666,0.6666666666666666,0.5777777777777777
276,18.0,0.6588888888888886,0.5277777777777778,0.7777777777777778,0.611111111111111
277,18.0,0.7505555555555555,0.8611111111111112,0.7777777777777778,0.5777777777777777
278,18.0,0.6933333333333334,0.7222222222222222,0.7777777777777778,0.5555555555555556
279,18.0,0.6794444444444445,0.6388888888888888,0.7777777777777778,0.5999999999999999
280,18.0,0.6672222222222222,0.5555555555555556,0.7777777777777778,0.611111111111111
281,20.0,0.57125,0.4625,0.5,0.55
282,16.0,0.7115625000000001,0.640625,0.875,0.6125
283,17.0,0.6508823529411766,0.6470588235294118,0.6470588235294118,0.6058823529411764
284,18.0,0.7272222222222221,0.6944444444444444,0.8888888888888888,0.6
285,18.0,0.6458333333333333,0.6805555555555556,0.5555555555555556,0.611111111111111
286,18.0,0.5858333333333332,0.4861111111111111,0.5555555555555556,0.5777777777777777
287,18.0,0.7,0.6666666666666666,0.8333333333333334,0.5666666666666667
288,18.0,0.6288888888888888,0.5,0.8333333333333334,0.5222222222222223
289,17.0,0.6870588235294118,0.75,0.7058823529411765,0.5823529411764705
290,18.0,0.6783333333333332,0.6111111111111112,0.7777777777777778,0.5888888888888889
291,17.0,0.6261764705882352,0.4411764705882353,0.7647058823529411,0.5941176470588234
292,20.0,0.721,0.7,0.9,0.5599999999999999
293,18.0,0.5927777777777777,0.5555555555555556,0.4444444444444444,0.5666666666666668
294,18.0,0.6686111111111112,0.5416666666666666,0.7777777777777778,0.6333333333333333
295,18.0,0.6288888888888889,0.5833333333333334,0.6666666666666666,0.5888888888888889
296,17.0,0.6932352941176471,0.7647058823529411,0.6470588235294118,0.6058823529411764
297,20.0,0.68475,0.6875,0.75,0.5799999999999998
298,18.0,0.6666666666666665,0.5277777777777778,0.8333333333333334,0.5999999999999999
299,18.0,0.7072222222222222,0.6944444444444444,0.8888888888888888,0.5333333333333333
300,18.0,0.6755555555555555,0.5555555555555556,0.7777777777777778,0.6444444444444444
301,18.0,0.701111111111111,0.75,0.7222222222222222,0.5555555555555556
302,18.0,0.6483333333333332,0.5833333333333334,0.6666666666666666,0.6
303,18.0,0.7266666666666668,0.7777777777777778,0.8333333333333334,0.5666666666666667
304,18.0,0.7155555555555555,0.6944444444444444,0.8888888888888888,0.5666666666666667
305,20.0,0.72725,0.7875,0.8,0.5799999999999998
306,20.0,0.67,0.65,0.75,0.53
307,18.0,0.6558333333333333,0.625,0.6666666666666666,0.6333333333333332
308,17.0,0.7314705882352942,0.8235294117647058,0.8235294117647058,0.5117647058823529
309,17.0,0.6458823529411766,0.6029411764705882,0.7058823529411765,0.5235294117647059
310,17.0,0.6820588235294119,0.6470588235294118,0.7647058823529411,0.5705882352941176
311,18.0,0.6944444444444444,0.6666666666666666,0.8333333333333334,0.5444444444444444
312,18.0,0.7044444444444442,0.5833333333333334,0.8888888888888888,0.6555555555555554
313,18.0,0.6247222222222221,0.4861111111111111,0.7777777777777778,0.5777777777777777
314,18.0,0.6688888888888889,0.6111111111111112,0.7222222222222222,0.6333333333333333
315,17.0,0.6473529411764705,0.5882352941176471,0.7647058823529411,0.5588235294117647
316,46.0,0.6649999999999997,0.5543478260869565,0.8260869565217391,0.5826086956521737
317,18.0,0.6605555555555555,0.6388888888888888,0.7222222222222222,0.5666666666666668
318,18.0,0.6649999999999999,0.6944444444444444,0.6666666666666666,0.6
319,18.0,0.7233333333333334,0.7777777777777778,0.8333333333333334,0.5666666666666667
320,18.0,0.6694444444444444,0.5277777777777778,0.8333333333333334,0.6111111111111112
321,18.0,0.648888888888889,0.5833333333333334,0.6666666666666666,0.5888888888888889
322,28.0,0.7517857142857142,0.8035714285714286,0.8928571428571429,0.5642857142857142
323,18.0,0.7119444444444444,0.7083333333333334,0.8333333333333334,0.5777777777777777
324,18.0,0.6733333333333333,0.7222222222222222,0.7222222222222222,0.5444444444444445
325,17.0,0.7370588235294119,0.7794117647058824,0.8235294117647058,0.6294117647058823
326,18.0,0.6344444444444444,0.6111111111111112,0.6111111111111112,0.6333333333333333
327,18.0,0.6388888888888887,0.4722222222222222,0.8333333333333334,0.5555555555555556
328,18.0,0.7069444444444444,0.625,0.8333333333333334,0.6444444444444444
329,18.0,0.6952777777777778,0.6805555555555556,0.8333333333333334,0.5444444444444444
330,18.0,0.6711111111111111,0.6666666666666666,0.6666666666666666,0.5777777777777777
331,17.0,0.7388235294117648,0.75,0.8235294117647058,0.6294117647058822
332,18.0,0.7386111111111111,0.8194444444444444,0.8333333333333334,0.5777777777777777
333,18.0,0.6708333333333332,0.5972222222222222,0.8333333333333334,0.5333333333333333
334,18.0,0.7233333333333333,0.7777777777777778,0.8333333333333334,0.5666666666666667
335,17.0,0.689607843137255,0.6911764705882353,0.8235294117647058,0.5235294117647058
336,18.0,0.7513888888888888,0.8194444444444444,0.8333333333333334,0.588888888888889
337,24.0,0.58625,0.5,0.6666666666666666,0.5083333333333333
338,18.0,0.6638888888888888,0.5555555555555556,0.8333333333333334,0.5555555555555556
339,18.0,0.7286111111111111,0.7361111111111112,0.8888888888888888,0.5555555555555555
340,18.0,0.7131481481481481,0.7222222222222222,0.8333333333333334,0.5555555555555556
341,18.0,0.6649999999999998,0.5833333333333334,0.7777777777777778,0.6222222222222222
342,17.0,0.7341176470588234,0.7794117647058824,0.8823529411764706,0.5588235294117647
343,22.0,0.5854545454545454,0.4318181818181818,0.5454545454545454,0.609090909090909
344,18.0,0.748611111111111,0.8472222222222222,0.8333333333333334,0.5444444444444444
345,23.0,0.6784782608695652,0.6739130434782609,0.7391304347826086,0.5434782608695652
346,18.0,0.6583333333333334,0.6666666666666666,0.6111111111111112,0.6222222222222222
347,18.0,0.581388888888889,0.4305555555555556,0.6111111111111112,0.5444444444444445
348,18.0,0.6758333333333334,0.6527777777777778,0.8333333333333334,0.5
349,21.0,0.6602380952380952,0.7142857142857143,0.6666666666666666,0.5571428571428572
350,18.0,0.7072222222222222,0.6666666666666666,0.8333333333333334,0.6222222222222221
351,18.0,0.6972222222222222,0.5833333333333334,0.8333333333333334,0.6555555555555554
352,18.0,0.7316666666666667,0.75,0.8333333333333334,0.6333333333333333
353,18.0,0.751388888888889,0.8194444444444444,0.8333333333333334,0.588888888888889
354,18.0,0.6538888888888889,0.5555555555555556,0.7777777777777778,0.611111111111111
355,20.0,0.6325000000000001,0.65,0.65,0.5399999999999999
356,18.0,0.698611111111111,0.6527777777777778,0.8333333333333334,0.5777777777777777
357,18.0,0.6913888888888889,0.5694444444444444,1.0,0.5222222222222223
358,28.0,0.6466071428571428,0.5803571428571429,0.7857142857142857,0.5357142857142857
359,17.0,0.653235294117647,0.6176470588235294,0.7647058823529411,0.5470588235294117
360,24.0,0.576875,0.46875,0.625,0.5499999999999999
361,17.0,0.6502941176470587,0.5882352941176471,0.7058823529411765,0.5588235294117647
362,18.0,0.6722222222222222,0.5833333333333334,0.8333333333333334,0.5555555555555556
363,36.0,0.6122222222222221,0.5416666666666666,0.6388888888888888,0.5999999999999998
364,18.0,0.7372222222222222,0.8055555555555556,0.8333333333333334,0.588888888888889
365,22.0,0.7820454545454545,0.875,0.9545454545454546,0.5636363636363636
366,17.0,0.601764705882353,0.45588235294117646,0.7058823529411765,0.5235294117647058
367,18.0,0.7080555555555557,0.6805555555555556,0.8333333333333334,0.6222222222222222
368,18.0,0.6916666666666664,0.5833333333333334,0.8333333333333334,0.6333333333333333
369,21.0,0.6064285714285715,0.5,0.6666666666666666,0.519047619047619
370,20.0,0.6289999999999998,0.525,0.7,0.5899999999999999
371,19.0,0.6518421052631578,0.8157894736842105,0.5263157894736842,0.5421052631578948
372,18.0,0.7483333333333333,0.8055555555555556,0.8333333333333334,0.6333333333333333
373,17.0,0.7691176470588236,0.8235294117647058,0.8823529411764706,0.6176470588235293
374,21.0,0.6626190476190476,0.6904761904761905,0.7142857142857143,0.5476190476190477
375,18.0,0.6447222222222222,0.5972222222222222,0.6666666666666666,0.5555555555555556
376,18.0,0.8080555555555555,0.9583333333333334,0.9444444444444444,0.5777777777777777
377,21.0,0.6940476190476191,0.7380952380952381,0.7142857142857143,0.5476190476190477
378,17.0,0.7094117647058824,0.7205882352941176,0.8235294117647058,0.5470588235294117
379,17.0,0.6652941176470588,0.5735294117647058,0.8235294117647058,0.5470588235294118
380,18.0,0.7247222222222223,0.7916666666666666,0.8333333333333334,0.5555555555555556
381,15.0,0.605,0.6,0.6,0.5400000000000001
382,22.0,0.608181818181818,0.5,0.5454545454545454,0.618181818181818
383,20.0,0.695,0.625,0.85,0.6199999999999999
384,18.0,0.7055555555555555,0.6666666666666666,0.8333333333333334,0.5888888888888889
385,18.0,0.6916666666666665,0.6111111111111112,0.8333333333333334,0.5999999999999999
386,18.0,0.6763888888888889,0.5972222222222222,0.8333333333333334,0.5555555555555555
387,23.0,0.616521739130435,0.4673913043478261,0.7391304347826086,0.5956521739130434
388,18.0,0.6019444444444445,0.4861111111111111,0.6666666666666666,0.5444444444444445
389,19.0,0.7071052631578948,0.6052631578947368,1.0,0.5421052631578946
390,20.0,0.70075,0.7125,0.8,0.54
391,20.0,0.5287499999999998,0.3875,0.4,0.57
392,18.0,0.6177777777777776,0.5,0.7222222222222222,0.5222222222222223
393,18.0,0.5730555555555557,0.4027777777777778,0.6111111111111112,0.5444444444444445
394,18.0,0.6580555555555555,0.625,0.7222222222222222,0.6
395,18.0,0.7309259259259259,0.8055555555555556,0.8333333333333334,0.5666666666666667
396,24.0,0.7285416666666666,0.8020833333333334,0.8333333333333334,0.5583333333333332
397,18.0,0.5441666666666667,0.4305555555555556,0.4444444444444444,0.5888888888888889
398,18.0,0.6902777777777778,0.625,0.8333333333333334,0.5777777777777777
399,21.0,0.5952380952380952,0.5595238095238095,0.5714285714285714,0.5666666666666667
400,17.0,0.6635294117647057,0.5735294117647058,0.8235294117647058,0.5823529411764705
401,18.0,0.6694444444444444,0.5555555555555556,0.8333333333333334,0.5777777777777777
402,18.0,0.6902777777777778,0.625,0.8333333333333334,0.5777777777777777
403,24.0,0.7531249999999998,0.84375,0.8333333333333334,0.5666666666666667
404,18.0,0.7152777777777778,0.7361111111111112,0.8333333333333334,0.5444444444444445
405,18.0,0.6330555555555556,0.5416666666666666,0.7777777777777778,0.5444444444444445
406,18.0,0.6774999999999999,0.6527777777777778,0.7777777777777778,0.5888888888888888
407,18.0,0.645,0.5,0.7777777777777778,0.5888888888888888
408,19.0,0.6171929824561403,0.5657894736842105,0.5789473684210527,0.5526315789473684
409,18.0,0.6827777777777778,0.6666666666666666,0.8333333333333334,0.5111111111111111
410,27.0,0.6853703703703706,0.7777777777777778,0.7037037037037037,0.5444444444444444
411,18.0,0.7413888888888889,0.8194444444444444,0.8333333333333334,0.5888888888888889
412,23.0,0.7519565217391303,0.9130434782608695,0.782608695652174,0.5695652173913043
413,17.0,0.7311764705882351,0.6323529411764706,1.0,0.6058823529411765
414,20.0,0.6237499999999999,0.4375,0.75,0.5999999999999999
415,17.0,0.6726470588235294,0.5588235294117647,0.8235294117647058,0.5941176470588236
416,18.0,0.7452777777777776,0.7916666666666666,0.8333333333333334,0.611111111111111
417,17.0,0.7035294117647058,0.6617647058823529,0.8235294117647058,0.5941176470588235
418,24.0,0.5766666666666667,0.4375,0.6666666666666666,0.525
419,18.0,0.5980555555555556,0.4305555555555556,0.6111111111111112,0.611111111111111
420,18.0,0.7055555555555554,0.6388888888888888,0.8333333333333334,0.6222222222222221
421,18.0,0.7469444444444444,0.8194444444444444,0.8333333333333334,0.6111111111111112
422,18.0,0.7208333333333335,0.7361111111111112,0.8333333333333334,0.5666666666666667
423,21.0,0.6064285714285714,0.47619047619047616,0.7619047619047619,0.5095238095238095
424,24.0,0.6122916666666668,0.53125,0.6666666666666666,0.5249999999999999
425,19.0,0.8228947368421053,0.9473684210526315,1.0,0.5947368421052631
426,21.0,0.7171428571428571,0.7738095238095238,0.8095238095238095,0.5476190476190476
427,19.0,0.746578947368421,0.8421052631578947,0.8421052631578947,0.5736842105263157
428,23.0,0.6652173913043479,0.6847826086956522,0.6521739130434783,0.5434782608695652
429,20.0,0.7792499999999998,0.8375,0.95,0.59
430,18.0,0.6455555555555555,0.6666666666666666,0.6666666666666666,0.5555555555555556
431,18.0,0.7308333333333333,0.8194444444444444,0.7777777777777778,0.5888888888888889
432,19.0,0.6602631578947368,0.631578947368421,0.6842105263157895,0.5631578947368421
433,24.0,0.6237499999999999,0.5416666666666666,0.7083333333333334,0.5666666666666665
434,18.0,0.6530555555555557,0.7083333333333334,0.6666666666666666,0.5222222222222223
435,18.0,0.7525,0.875,0.7777777777777778,0.6222222222222221
436,20.0,0.61125,0.8125,0.35,0.5599999999999999
437,20.0,0.6057499999999998,0.4875,0.55,0.6199999999999999
438,18.0,0.6725,0.6527777777777778,0.6666666666666666,0.5999999999999999
439,17.0,0.6744117647058824,0.6470588235294118,0.7647058823529411,0.5823529411764706
440,18.0,0.6724999999999999,0.6805555555555556,0.6666666666666666,0.5666666666666667
441,18.0,0.6566666666666667,0.5555555555555556,0.8333333333333334,0.5666666666666667
442,18.0,0.6258333333333334,0.5972222222222222,0.6666666666666666,0.5333333333333333
443,18.0,0.6919444444444445,0.6805555555555556,0.8333333333333334,0.5444444444444445
444,18.0,0.711111111111111,0.6666666666666666,0.8333333333333334,0.6111111111111112
445,18.0,0.7397222222222221,0.7638888888888888,0.8333333333333334,0.6222222222222221
446,18.0,0.6819444444444445,0.5972222222222222,0.8333333333333334,0.5777777777777777
447,17.0,0.7123529411764704,0.6617647058823529,0.8235294117647058,0.6294117647058822
448,18.0,0.7125,0.6527777777777778,0.8333333333333334,0.6333333333333333
449,18.0,0.5791666666666667,0.4305555555555556,0.5555555555555556,0.5777777777777777
450,18.0,0.6878703703703705,0.7083333333333334,0.7777777777777778,0.5666666666666667
451,18.0,0.6052777777777778,0.5416666666666666,0.6111111111111112,0.6000000000000001
452,18.0,0.6530555555555555,0.6527777777777778,0.6666666666666666,0.5222222222222223
453,18.0,0.7083333333333333,0.6666666666666666,0.8333333333333334,0.5999999999999999
454,18.0,0.6925,0.6527777777777778,0.8333333333333334,0.5666666666666667
455,18.0,0.6222222222222222,0.5833333333333334,0.5555555555555556,0.5666666666666668
456,24.0,0.7445833333333333,0.7083333333333334,0.9583333333333334,0.5999999999999999
457,18.0,0.7472222222222222,0.7777777777777778,0.8333333333333334,0.6222222222222222
458,17.0,0.6535294117647058,0.5147058823529411,0.8235294117647058,0.5705882352941176
459,18.0,0.6872222222222221,0.7222222222222222,0.7222222222222222,0.5333333333333333
460,18.0,0.7122222222222221,0.7777777777777778,0.7777777777777778,0.5777777777777777
461,18.0,0.6819444444444444,0.5972222222222222,0.8333333333333334,0.5777777777777778
462,17.0,0.6976470588235293,0.6029411764705882,0.8235294117647058,0.6411764705882351
463,20.0,0.6290833333333334,0.5875,0.65,0.5199999999999999
464,16.0,0.7053125,0.640625,0.875,0.5874999999999999
465,18.0,0.6663888888888888,0.6527777777777778,0.7222222222222222,0.6000000000000001
466,17.0,0.6950980392156864,0.6911764705882353,0.8823529411764706,0.5117647058823529
467,23.0,0.6986956521739129,0.6847826086956522,0.8260869565217391,0.5869565217391303
468,18.0,0.6224999999999999,0.5138888888888888,0.6666666666666666,0.5666666666666667
469,18.0,0.6741666666666667,0.5972222222222222,0.7777777777777778,0.5888888888888888
470,17.0,0.6370588235294117,0.5441176470588235,0.7647058823529411,0.5705882352941176
471,18.0,0.6597222222222224,0.5694444444444444,0.8333333333333334,0.5222222222222223
472,18.0,0.6991666666666667,0.7083333333333334,0.7777777777777778,0.5555555555555555
473,18.0,0.7430555555555555,0.7638888888888888,0.8333333333333334,0.6222222222222221
474,18.0,0.6497222222222222,0.5972222222222222,0.7222222222222222,0.6
475,18.0,0.6819444444444444,0.625,0.8333333333333334,0.5444444444444444
476,18.0,0.705,0.6944444444444444,0.8333333333333334,0.5666666666666667
477,18.0,0.6874999999999999,0.625,0.8333333333333334,0.5666666666666667
478,18.0,0.6552777777777777,0.6527777777777778,0.7222222222222222,0.5555555555555556
479,18.0,0.6916666666666667,0.6388888888888888,0.8333333333333334,0.5666666666666667
480,17.0,0.6826470588235294,0.6176470588235294,0.8235294117647058,0.6058823529411764
481,18.0,0.7041666666666666,0.6805555555555556,0.8333333333333334,0.5666666666666667
482,18.0,0.6466666666666666,0.6111111111111112,0.6111111111111112,0.5888888888888889
483,18.0,0.625,0.5833333333333334,0.5555555555555556,0.5777777777777778
484,18.0,0.6933333333333332,0.6944444444444444,0.8333333333333334,0.5333333333333334
485,18.0,0.7075,0.7361111111111112,0.7777777777777778,0.5555555555555556
486,18.0,0.5813888888888888,0.4027777777777778,0.6111111111111112,0.5777777777777778
487,18.0,0.6461111111111111,0.5555555555555556,0.6666666666666666,0.611111111111111
488,18.0,0.6650925925925927,0.5972222222222222,0.7777777777777778,0.5555555555555556
489,17.0,0.6255882352941177,0.6176470588235294,0.5882352941176471,0.5705882352941176
490,18.0,0.6958333333333332,0.625,0.8333333333333334,0.6
491,21.0,0.6154761904761905,0.4523809523809524,0.8095238095238095,0.5380952380952381
492,19.0,0.601842105263158,0.42105263157894735,0.6842105263157895,0.5947368421052632
493,21.0,0.6876190476190476,0.5357142857142857,1.0,0.5476190476190477
494,18.0,0.628888888888889,0.5833333333333334,0.6666666666666666,0.5888888888888889
495,18.0,0.6791666666666667,0.5694444444444444,0.8333333333333334,0.6000000000000001
496,18.0,0.6991666666666665,0.6805555555555556,0.7777777777777778,0.5888888888888889
497,18.0,0.6788888888888889,0.5833333333333334,0.8333333333333334,0.6222222222222222
498,18.0,0.583611111111111,0.5416666666666666,0.5555555555555556,0.5555555555555556
499,18.0,0.6275,0.5972222222222222,0.6666666666666666,0.5666666666666668
500,18.0,0.6841666666666666,0.6527777777777778,0.8333333333333334,0.5333333333333334
501,18.0,0.6824999999999999,0.6805555555555556,0.7777777777777778,0.5222222222222223
502,18.0,0.5602777777777778,0.375,0.5,0.6111111111111109
503,18.0,0.673611111111111,0.625,0.8333333333333334,0.5111111111111112
504,18.0,0.6341666666666667,0.625,0.6111111111111112,0.5222222222222223
505,18.0,0.6669444444444445,0.6805555555555556,0.6666666666666666,0.5444444444444444
506,19.0,0.7126315789473683,0.6710526315789473,0.8421052631578947,0.6052631578947368
507,17.0,0.6818823529411764,0.6029411764705882,0.8823529411764706,0.5352941176470589
508,18.0,0.6802777777777778,0.625,0.7777777777777778,0.6333333333333333
509,33.0,0.7286363636363637,0.8333333333333334,0.7878787878787878,0.5666666666666665
510,18.0,0.7041666666666666,0.6805555555555556,0.8333333333333334,0.5666666666666667
511,18.0,0.6261111111111111,0.3611111111111111,1.0,0.5111111111111111
512,18.0,0.7208333333333334,0.7361111111111112,0.8333333333333334,0.5666666666666667
513,18.0,0.7286111111111111,0.7361111111111112,0.8333333333333334,0.611111111111111
514,18.0,0.6952777777777778,0.6805555555555556,0.8333333333333334,0.5444444444444445
515,18.0,0.6986111111111111,0.6805555555555556,0.8333333333333334,0.5444444444444444
516,18.0,0.6538888888888889,0.5,0.8888888888888888,0.5666666666666667
517,19.0,0.6286842105263158,0.5263157894736842,0.7894736842105263,0.5210526315789473
518,18.0,0.6455555555555554,0.5555555555555556,0.7222222222222222,0.6333333333333332
519,18.0,0.8011111111111111,0.9722222222222222,0.8888888888888888,0.5888888888888889
520,20.0,0.6214999999999999,0.525,0.7,0.5599999999999999
521,18.0,0.7008333333333333,0.7083333333333334,0.8333333333333334,0.5333333333333334
522,18.0,0.7,0.6388888888888888,0.8333333333333334,0.6
523,20.0,0.68425,0.6875,0.7,0.5799999999999998
524,54.0,0.737222222222222,0.8240740740740741,0.7592592592592593,0.6185185185185184
525,18.0,0.6708333333333333,0.5972222222222222,0.8333333333333334,0.5333333333333334
526,21.0,0.6516666666666666,0.5,0.8571428571428571,0.5666666666666667
527,18.0,0.7152777777777777,0.7361111111111112,0.8333333333333334,0.5444444444444444
528,18.0,0.6027777777777777,0.5555555555555556,0.5555555555555556,0.5222222222222223
529,18.0,0.6694444444444443,0.5555555555555556,0.8333333333333334,0.5777777777777777
530,18.0,0.6594444444444444,0.6388888888888888,0.7777777777777778,0.5333333333333333
531,18.0,0.723611111111111,0.7361111111111112,0.8333333333333334,0.5777777777777777
532,18.0,0.5983333333333332,0.5,0.6666666666666666,0.5666666666666668
533,17.0,0.6885294117647058,0.7352941176470589,0.7058823529411765,0.5352941176470588
534,18.0,0.7013888888888888,0.6805555555555556,0.8333333333333334,0.5555555555555556
535,18.0,0.6163888888888889,0.5138888888888888,0.7222222222222222,0.5666666666666667
536,18.0,0.7069444444444443,0.6527777777777778,0.8333333333333334,0.6111111111111112
537,20.0,0.6732499999999998,0.5125,0.95,0.5599999999999999
538,18.0,0.6980555555555555,0.7361111111111112,0.7777777777777778,0.5444444444444444
539,18.0,0.6880555555555556,0.7083333333333334,0.7777777777777778,0.5111111111111111
540,18.0,0.7330555555555556,0.8472222222222222,0.7777777777777778,0.5777777777777777
541,18.0,0.6483333333333332,0.5555555555555556,0.7777777777777778,0.5888888888888889
542,18.0,0.6677777777777778,0.5,0.9444444444444444,0.5666666666666667
543,18.0,0.741111111111111,0.7777777777777778,0.8333333333333334,0.611111111111111
544,18.0,0.7388888888888888,0.75,0.8333333333333334,0.6222222222222222
545,18.0,0.6944444444444444,0.6388888888888888,0.8333333333333334,0.5777777777777777
546,18.0,0.7055555555555555,0.6944444444444444,0.8333333333333334,0.5555555555555556
547,21.0,0.6685714285714285,0.5357142857142857,0.9523809523809523,0.5190476190476191
548,18.0,0.7027777777777777,0.6388888888888888,0.8333333333333334,0.611111111111111
549,18.0,0.5736111111111111,0.4027777777777778,0.5555555555555556,0.5888888888888888
550,18.0,0.7374999999999999,0.7916666666666666,0.8333333333333334,0.5666666666666667
551,18.0,0.6788888888888888,0.6666666666666666,0.7777777777777778,0.577777777777778
552,18.0,0.7083333333333331,0.6666666666666666,0.8333333333333334,0.6
553,18.0,0.6030555555555556,0.4861111111111111,0.6666666666666666,0.5888888888888889
554,18.0,0.686111111111111,0.6111111111111112,0.8333333333333334,0.5777777777777777
555,17.0,0.7605882352941177,0.7794117647058824,1.0,0.5470588235294118
556,18.0,0.678611111111111,0.7361111111111112,0.6666666666666666,0.5777777777777777
557,17.0,0.6902941176470588,0.6470588235294118,0.8235294117647058,0.5588235294117647
558,18.0,0.7075,0.7083333333333334,0.7777777777777778,0.5888888888888889
559,18.0,0.7316666666666667,0.8333333333333334,0.7777777777777778,0.5888888888888889
560,18.0,0.6983333333333331,0.5555555555555556,1.0,0.5666666666666667
561,17.0,0.658235294117647,0.6617647058823529,0.6470588235294118,0.5470588235294118
562,18.0,0.6683333333333334,0.6666666666666666,0.6666666666666666,0.5666666666666667
563,21.0,0.6421428571428569,0.4523809523809524,0.8571428571428571,0.5857142857142856
564,18.0,0.61,0.4444444444444444,0.6666666666666666,0.5999999999999999
565,18.0,0.6183333333333334,0.5833333333333334,0.6666666666666666,0.5333333333333333
566,18.0,0.6205555555555555,0.5555555555555556,0.6666666666666666,0.5888888888888888
567,18.0,0.7386111111111111,0.7916666666666666,0.8888888888888888,0.5555555555555556
568,18.0,0.7244444444444444,0.75,0.8333333333333334,0.5777777777777778
569,18.0,0.7036111111111113,0.7083333333333334,0.8333333333333334,0.5444444444444445
570,33.0,0.6410606060606061,0.5303030303030303,0.8181818181818182,0.5424242424242424
571,18.0,0.6916666666666668,0.6388888888888888,0.8333333333333334,0.5666666666666667
572,18.0,0.633888888888889,0.5,0.7777777777777778,0.5444444444444445
573,18.0,0.7013888888888888,0.6805555555555556,0.8333333333333334,0.5555555555555557
574,18.0,0.6622222222222223,0.6111111111111112,0.7222222222222222,0.5666666666666667
575,30.0,0.8433333333333334,1.0,1.0,0.6133333333333332
576,49.0,0.6976530612244897,0.5918367346938775,0.8775510204081632,0.6183673469387753
577,18.0,0.6836111111111111,0.6805555555555556,0.6666666666666666,0.611111111111111
578,18.0,0.6888888888888889,0.6111111111111112,0.8333333333333334,0.5888888888888889
579,53.0,0.5867924528301887,0.5235849056603774,0.5471698113207547,0.5754716981132073
580,18.0,0.6925,0.625,0.8888888888888888,0.5444444444444444
581,18.0,0.7361111111111112,0.7777777777777778,0.8333333333333334,0.5777777777777777
582,54.0,0.6075925925925927,0.46296296296296297,0.7037037037037037,0.5666666666666665
583,38.0,0.7727631578947365,0.8618421052631579,0.868421052631579,0.6157894736842103
584,18.0,0.6663888888888889,0.6527777777777778,0.7777777777777778,0.5444444444444445
585,18.0,0.6475000000000001,0.5972222222222222,0.6666666666666666,0.6333333333333332
586,20.0,0.67825,0.6875,0.65,0.6299999999999998
587,18.0,0.6875,0.625,0.8333333333333334,0.5666666666666667
588,18.0,0.7041666666666667,0.6527777777777778,0.8333333333333334,0.6
589,17.0,0.6517647058823528,0.5441176470588235,0.8235294117647058,0.5705882352941176
590,21.0,0.6461904761904761,0.4880952380952381,0.8571428571428571,0.5476190476190477
591,18.0,0.6761111111111112,0.6388888888888888,0.7222222222222222,0.5888888888888889
592,18.0,0.6222222222222222,0.5555555555555556,0.5555555555555556,0.6000000000000001
593,20.0,0.56275,0.4875,0.5,0.57
594,18.0,0.7466666666666667,0.8055555555555556,0.8333333333333334,0.6
595,21.0,0.8066666666666668,0.9166666666666666,1.0,0.5666666666666665
596,10.0,0.59,0.55,0.6,0.54
597,17.0,0.7591176470588235,0.7941176470588235,0.8823529411764706,0.6411764705882351
598,18.0,0.711111111111111,0.6944444444444444,0.8333333333333334,0.5777777777777778
599,18.0,0.6272222222222222,0.5833333333333334,0.6111111111111112,0.5444444444444444
600,18.0,0.7216666666666666,0.6666666666666666,0.8888888888888888,0.611111111111111
601,18.0,0.6261111111111111,0.6111111111111112,0.6666666666666666,0.5444444444444445
602,18.0,0.5661111111111111,0.4722222222222222,0.5555555555555556,0.5555555555555556
603,18.0,0.7247222222222223,0.8194444444444444,0.8333333333333334,0.5222222222222223
604,18.0,0.6830555555555554,0.7083333333333334,0.7777777777777778,0.5444444444444444
605,18.0,0.7347222222222223,0.7638888888888888,0.8333333333333334,0.5888888888888888
606,18.0,0.7038888888888888,0.75,0.7222222222222222,0.5666666666666667
607,18.0,0.6913888888888889,0.7083333333333334,0.7222222222222222,0.5666666666666667
608,19.0,0.6507894736842106,0.6052631578947368,0.7368421052631579,0.5421052631578946
609,17.0,0.725294117647059,0.75,0.8235294117647058,0.6176470588235293
610,18.0,0.7041666666666667,0.6805555555555556,0.8333333333333334,0.5666666666666667
611,21.0,0.8019047619047619,0.9166666666666666,1.0,0.5476190476190476
612,17.0,0.7064705882352941,0.6617647058823529,0.8235294117647058,0.6058823529411764
613,18.0,0.7230555555555557,0.7083333333333334,0.8333333333333334,0.6222222222222221
614,17.0,0.6473529411764706,0.4411764705882353,0.9411764705882353,0.5588235294117647
615,18.0,0.6777777777777776,0.6111111111111112,0.8333333333333334,0.5444444444444444
616,18.0,0.6636111111111113,0.6527777777777778,0.7777777777777778,0.5333333333333333
617,18.0,0.6802777777777778,0.6527777777777778,0.7222222222222222,0.5888888888888889
618,18.0,0.6080555555555553,0.5416666666666666,0.6666666666666666,0.5555555555555556
619,18.0,0.6958333333333333,0.6527777777777778,0.8333333333333334,0.5666666666666667
620,17.0,0.7344117647058824,0.7941176470588235,0.8235294117647058,0.5588235294117647
621,22.0,0.6624999999999999,0.6931818181818182,0.6818181818181818,0.5
622,18.0,0.5497222222222222,0.4027777777777778,0.4444444444444444,0.5777777777777777
623,25.0,0.6554000000000001,0.7,0.64,0.5719999999999998
624,18.0,0.6916666666666665,0.6388888888888888,0.8333333333333334,0.5666666666666667
625,18.0,0.6635185185185185,0.6388888888888888,0.7222222222222222,0.5444444444444444
626,20.0,0.7710000000000001,0.85,0.9,0.5799999999999998
627,18.0,0.6177777777777778,0.5833333333333334,0.6111111111111112,0.5999999999999999
628,10.0,0.6610000000000001,0.6,0.8,0.54
629,18.0,0.7369444444444444,0.7916666666666666,0.8333333333333334,0.5777777777777777
630,26.0,0.6900000000000002,0.75,0.7307692307692307,0.5692307692307691
631,23.0,0.6976086956521739,0.5434782608695652,1.0,0.5782608695652173
632,18.0,0.6066666666666666,0.5833333333333334,0.6111111111111112,0.5555555555555555
633,18.0,0.7013888888888887,0.6527777777777778,0.8333333333333334,0.5888888888888888
634,18.0,0.7316666666666668,0.7777777777777778,0.8333333333333334,0.6
635,34.0,0.6186176470588235,0.5955882352941176,0.5588235294117647,0.5352941176470588
636,23.0,0.7341304347826088,0.782608695652174,0.8260869565217391,0.5695652173913043
637,18.0,0.5858333333333334,0.4305555555555556,0.6666666666666666,0.5333333333333333
638,17.0,0.7402941176470589,0.7941176470588235,0.8235294117647058,0.5823529411764706
639,24.0,0.6743750000000001,0.5104166666666666,0.9583333333333334,0.5666666666666665
640,22.0,0.6688636363636362,0.7159090909090909,0.6363636363636364,0.6090909090909089
641,17.0,0.6755882352941176,0.5882352941176471,0.8235294117647058,0.5705882352941176
642,16.0,0.6649999999999998,0.5,0.9375,0.5625
643,17.0,0.6635294117647058,0.6323529411764706,0.7058823529411765,0.5588235294117647
644,21.0,0.6626190476190477,0.6666666666666666,0.7142857142857143,0.5761904761904761
645,18.0,0.6861111111111111,0.6111111111111112,0.8333333333333334,0.5777777777777778
646,18.0,0.6788888888888888,0.6388888888888888,0.7777777777777778,0.611111111111111
647,21.0,0.6942857142857143,0.7261904761904762,0.7142857142857143,0.5857142857142856
648,18.0,0.7363888888888888,0.7638888888888888,0.8333333333333334,0.6222222222222222
649,18.0,0.6958333333333333,0.6805555555555556,0.8333333333333334,0.5333333333333333
650,18.0,0.7036111111111112,0.625,0.8888888888888888,0.5888888888888888
651,17.0,0.6605882352941177,0.6617647058823529,0.7647058823529411,0.5235294117647059
652,25.0,0.8259999999999998,0.97,1.0,0.5799999999999998
653,18.0,0.6322222222222222,0.5833333333333334,0.6666666666666666,0.5222222222222224
654,22.0,0.6215909090909089,0.48863636363636365,0.7727272727272727,0.5454545454545454
655,17.0,0.6994117647058823,0.6617647058823529,0.8235294117647058,0.6058823529411765
656,18.0,0.7434259259259259,0.7916666666666666,0.8333333333333334,0.6333333333333332
657,19.0,0.6623684210526315,0.631578947368421,0.7894736842105263,0.5421052631578946
658,18.0,0.7333333333333333,0.7777777777777778,0.8333333333333334,0.5666666666666667
659,18.0,0.6919444444444444,0.6527777777777778,0.8333333333333334,0.5777777777777777
660,17.0,0.6864705882352942,0.6911764705882353,0.7647058823529411,0.5352941176470589
661,18.0,0.6930555555555555,0.625,0.8333333333333334,0.5888888888888889
662,19.0,0.7252631578947368,0.8289473684210527,0.7368421052631579,0.5842105263157894
663,18.0,0.6755555555555554,0.6111111111111112,0.7777777777777778,0.5777777777777777
664,32.0,0.5946874999999999,0.53125,0.59375,0.5874999999999998
665,18.0,0.6377777777777779,0.6111111111111112,0.6666666666666666,0.5777777777777777
666,17.0,0.523235294117647,0.35294117647058826,0.47058823529411764,0.5117647058823529
667,13.0,0.5996153846153847,0.5,0.6923076923076923,0.5461538461538462
668,18.0,0.6605555555555556,0.6666666666666666,0.6111111111111112,0.5777777777777778
669,18.0,0.7177777777777776,0.75,0.8333333333333334,0.5777777777777778
670,21.0,0.6302380952380952,0.5952380952380952,0.6190476190476191,0.6047619047619046
671,18.0,0.7094444444444443,0.6944444444444444,0.8333333333333334,0.6111111111111112
672,18.0,0.6316666666666667,0.5277777777777778,0.7777777777777778,0.5555555555555556
673,20.0,0.66175,0.5375,0.85,0.5799999999999998
674,20.0,0.7082499999999999,0.7125,0.8,0.57
675,18.0,0.7202777777777778,0.7083333333333334,0.8333333333333334,0.611111111111111
676,18.0,0.7333333333333334,0.7777777777777778,0.8333333333333334,0.5666666666666667
677,22.0,0.6774999999999999,0.5340909090909091,0.9545454545454546,0.5545454545454545
678,18.0,0.6936111111111111,0.7083333333333334,0.7777777777777778,0.5333333333333334
679,16.0,0.72,0.6875,0.8125,0.6375
680,18.0,0.7000000000000001,0.6666666666666666,0.8333333333333334,0.5666666666666667
681,19.0,0.7873684210526315,0.881578947368421,0.9473684210526315,0.5842105263157894
682,17.0,0.5926470588235295,0.4411764705882353,0.5882352941176471,0.5941176470588235
683,18.0,0.6902777777777778,0.6527777777777778,0.8333333333333334,0.5444444444444445
684,18.0,0.5969444444444444,0.5138888888888888,0.6666666666666666,0.5444444444444445
685,28.0,0.8275000000000002,1.0,1.0,0.5499999999999999
686,19.0,0.5913157894736842,0.47368421052631576,0.47368421052631576,0.6368421052631578
687,19.0,0.7471052631578947,0.7631578947368421,0.8947368421052632,0.6052631578947366
688,21.0,0.6233333333333333,0.5595238095238095,0.6666666666666666,0.5952380952380952
689,22.0,0.6627272727272727,0.5454545454545454,0.8636363636363636,0.5727272727272726
690,23.0,0.6845652173913044,0.6521739130434783,0.8695652173913043,0.5260869565217391
691,18.0,0.7091666666666667,0.7083333333333334,0.8333333333333334,0.5666666666666667
692,18.0,0.6905555555555557,0.6666666666666666,0.8333333333333334,0.5555555555555556
693,18.0,0.6863888888888889,0.6805555555555556,0.7777777777777778,0.5777777777777778
694,18.0,0.7277777777777776,0.6944444444444444,0.8333333333333334,0.6444444444444444
695,18.0,0.603611111111111,0.4583333333333333,0.6111111111111112,0.6
696,17.0,0.7573529411764705,0.7941176470588235,0.8823529411764706,0.6058823529411764
697,18.0,0.6108333333333333,0.5416666666666666,0.6111111111111112,0.6222222222222222
698,18.0,0.6880555555555555,0.6805555555555556,0.7777777777777778,0.5444444444444444
699,21.0,0.703095238095238,0.7380952380952381,0.7619047619047619,0.6047619047619047
700,18.0,0.7233333333333333,0.75,0.8333333333333334,0.5999999999999999
701,18.0,0.6888888888888889,0.6111111111111112,0.8333333333333334,0.588888888888889
702,20.0,0.6455,0.525,0.85,0.53
703,18.0,0.7538888888888889,0.8055555555555556,0.8888888888888888,0.6
704,19.0,0.7436842105263158,0.7763157894736842,0.8421052631578947,0.6157894736842104
705,15.0,0.47,0.38333333333333336,0.3333333333333333,0.5266666666666667
706,18.0,0.7322222222222221,0.7222222222222222,0.8888888888888888,0.6
707,18.0,0.7538888888888889,0.7777777777777778,0.9444444444444444,0.5777777777777777
708,21.0,0.5807142857142858,0.5476190476190477,0.5238095238095238,0.5476190476190477
709,22.0,0.6825,0.6704545454545454,0.7727272727272727,0.5818181818181818
710,18.0,0.7458333333333332,0.7638888888888888,0.8333333333333334,0.6333333333333333
711,18.0,0.6925000000000001,0.6805555555555556,0.7777777777777778,0.5888888888888889
712,21.0,0.7519047619047619,0.9642857142857143,0.7142857142857143,0.5761904761904761
713,18.0,0.7266666666666665,0.7222222222222222,0.8333333333333334,0.6333333333333332
714,23.0,0.7093478260869566,0.7391304347826086,0.7391304347826086,0.6304347826086955
715,19.0,0.658157894736842,0.5789473684210527,0.7894736842105263,0.5631578947368421
716,17.0,0.6855882352941175,0.5882352941176471,0.9411764705882353,0.5352941176470588
717,24.0,0.8399999999999999,1.0,1.0,0.5999999999999999
718,24.0,0.6799999999999998,0.6458333333333334,0.75,0.6249999999999998
719,18.0,0.6594444444444445,0.5833333333333334,0.8333333333333334,0.5444444444444445
720,18.0,0.6994444444444443,0.6944444444444444,0.8333333333333334,0.5444444444444444
721,26.0,0.84,1.0,1.0,0.5999999999999999
722,18.0,0.7030555555555555,0.6805555555555556,0.8333333333333334,0.5888888888888888
723,18.0,0.6905555555555556,0.6666666666666666,0.8333333333333334,0.5555555555555556
724,18.0,0.6355555555555557,0.5833333333333334,0.7222222222222222,0.5333333333333334
725,18.0,0.6430555555555556,0.5972222222222222,0.7222222222222222,0.5333333333333334
726,16.0,0.658125,0.625,0.6875,0.575
727,19.0,0.6399999999999999,0.5921052631578947,0.6842105263157895,0.6052631578947367
728,18.0,0.6469444444444442,0.5972222222222222,0.6666666666666666,0.6444444444444444
729,18.0,0.6269444444444445,0.5416666666666666,0.6666666666666666,0.5777777777777778
730,28.0,0.7899999999999999,0.9107142857142857,0.8928571428571429,0.6142857142857141
731,18.0,0.5938888888888889,0.5555555555555556,0.5555555555555556,0.5666666666666667
732,18.0,0.6344444444444445,0.5833333333333334,0.6666666666666666,0.5444444444444444
733,18.0,0.6902777777777778,0.6527777777777778,0.8333333333333334,0.5444444444444445
734,20.0,0.7287500000000001,0.7875,0.85,0.5599999999999999
735,18.0,0.6941666666666665,0.7083333333333334,0.7777777777777778,0.5888888888888888
736,19.0,0.7413157894736842,0.7894736842105263,0.8947368421052632,0.5631578947368421
737,19.0,0.6992105263157893,0.6842105263157895,0.8421052631578947,0.5736842105263157
738,20.0,0.63875,0.6125,0.7,0.5599999999999998
739,21.0,0.6140476190476191,0.5,0.6190476190476191,0.6428571428571426
740,18.0,0.6058333333333332,0.5972222222222222,0.5555555555555556,0.5777777777777777
741,22.0,0.6595454545454547,0.6363636363636364,0.7727272727272727,0.509090909090909
742,21.0,0.7380952380952381,0.7976190476190477,0.8571428571428571,0.5666666666666667
743,18.0,0.6566666666666667,0.6666666666666666,0.6666666666666666,0.5333333333333334
744,18.0,0.7036111111111111,0.7083333333333334,0.8333333333333334,0.5444444444444445
745,20.0,0.6209999999999999,0.625,0.6,0.55
746,18.0,0.6622222222222223,0.6388888888888888,0.7777777777777778,0.5444444444444444
747,22.0,0.5586363636363637,0.5,0.45454545454545453,0.5545454545454545
748,26.0,0.6946153846153845,0.6730769230769231,0.7692307692307693,0.6230769230769228
749,18.0,0.6927777777777776,0.6944444444444444,0.7777777777777778,0.6
750,18.0,0.5844444444444443,0.3888888888888889,0.6666666666666666,0.6444444444444444
751,18.0,0.7172222222222221,0.7777777777777778,0.7777777777777778,0.5444444444444445
752,17.0,0.7173529411764706,0.7941176470588235,0.7647058823529411,0.5352941176470588
753,17.0,0.6367647058823529,0.6176470588235294,0.5882352941176471,0.5588235294117647
754,19.0,0.6568421052631579,0.6447368421052632,0.631578947368421,0.5736842105263157
755,18.0,0.6438888888888888,0.6388888888888888,0.6111111111111112,0.5444444444444445
756,18.0,0.6747222222222222,0.6805555555555556,0.7222222222222222,0.5333333333333333
757,29.0,0.8184482758620687,0.9655172413793104,0.9310344827586207,0.6241379310344826
758,18.0,0.6830555555555556,0.6805555555555556,0.7222222222222222,0.5666666666666667
759,18.0,0.7333333333333333,0.8055555555555556,0.8333333333333334,0.5333333333333333
760,34.0,0.7354411764705884,0.8161764705882353,0.7941176470588235,0.5588235294117646
761,21.0,0.6900000000000001,0.75,0.7619047619047619,0.5380952380952381
762,16.0,0.6728124999999998,0.640625,0.75,0.6124999999999999
763,18.0,0.6983333333333333,0.6666666666666666,0.8333333333333334,0.6
764,31.0,0.727258064516129,0.6774193548387096,0.9032258064516129,0.6096774193548385
765,18.0,0.6733333333333332,0.5833333333333334,0.8333333333333334,0.6
766,4.0,0.7012499999999999,0.8125,0.5,0.6499999999999999
767,20.0,0.6737500000000001,0.6375,0.75,0.6199999999999999
768,18.0,0.6316666666666667,0.6388888888888888,0.6666666666666666,0.5333333333333334
769,18.0,0.7375,0.7916666666666666,0.7777777777777778,0.6222222222222222
770,18.0,0.6552777777777776,0.5972222222222222,0.7222222222222222,0.5555555555555556
771,18.0,0.6525000000000001,0.5972222222222222,0.7222222222222222,0.5444444444444445
772,18.0,0.7066666666666667,0.75,0.7222222222222222,0.5777777777777778
773,18.0,0.7027777777777778,0.6666666666666666,0.8333333333333334,0.5777777777777778
774,19.0,0.7439473684210526,0.7631578947368421,0.8947368421052632,0.6052631578947367
775,18.0,0.6341666666666668,0.5416666666666666,0.7222222222222222,0.5777777777777777
776,18.0,0.7441666666666665,0.8194444444444444,0.8333333333333334,0.6
777,16.0,0.6259374999999999,0.578125,0.6875,0.5625
778,18.0,0.5833333333333333,0.4444444444444444,0.5555555555555556,0.5777777777777777
779,18.0,0.734722222222222,0.7638888888888888,0.8333333333333334,0.5888888888888889
780,18.0,0.7013888888888888,0.7361111111111112,0.8333333333333334,0.48888888888888893
781,18.0,0.5644444444444444,0.4166666666666667,0.4444444444444444,0.6333333333333333
782,18.0,0.6824999999999999,0.5972222222222222,0.7777777777777778,0.6222222222222221
783,18.0,0.7194444444444446,0.75,0.8333333333333334,0.5444444444444444
784,18.0,0.7358333333333333,0.7638888888888888,0.9444444444444444,0.5222222222222221
785,18.0,0.7358333333333333,0.8194444444444444,0.8333333333333334,0.5666666666666667
786,18.0,0.7099999999999999,0.6944444444444444,0.7777777777777778,0.6555555555555554
787,18.0,0.6419444444444444,0.5972222222222222,0.6666666666666666,0.5444444444444444
788,18.0,0.6219444444444444,0.5972222222222222,0.6666666666666666,0.5444444444444444
789,18.0,0.6663888888888888,0.5972222222222222,0.7222222222222222,0.6
790,18.0,0.5922222222222222,0.5,0.5,0.5888888888888889
791,18.0,0.5411111111111111,0.4444444444444444,0.4444444444444444,0.5333333333333334
792,18.0,0.6936111111111111,0.6805555555555556,0.7777777777777778,0.5666666666666667
793,17.0,0.7020588235294118,0.7058823529411765,0.8235294117647058,0.5352941176470589
794,18.0,0.6777777777777777,0.6388888888888888,0.7777777777777778,0.5666666666666667
795,18.0,0.6552777777777777,0.625,0.7222222222222222,0.5888888888888888
796,19.0,0.6471052631578948,0.6052631578947368,0.6842105263157895,0.5421052631578946
797,35.0,0.7149999999999999,0.7428571428571429,0.8285714285714286,0.58
798,18.0,0.6427777777777777,0.5555555555555556,0.7222222222222222,0.5555555555555556
799,18.0,0.7141666666666666,0.7361111111111112,0.8333333333333334,0.5666666666666667
800,18.0,0.7077777777777777,0.6388888888888888,0.8888888888888888,0.5888888888888889
801,18.0,0.6761111111111112,0.6666666666666666,0.8333333333333334,0.5111111111111112
802,18.0,0.6788888888888889,0.6111111111111112,0.8333333333333334,0.5888888888888889
803,18.0,0.7258333333333333,0.7361111111111112,0.8333333333333334,0.5999999999999999
804,18.0,0.6927777777777777,0.6666666666666666,0.8333333333333334,0.5777777777777777
805,15.0,0.6516666666666667,0.7333333333333333,0.6666666666666666,0.5
806,18.0,0.7205555555555555,0.75,0.7222222222222222,0.6333333333333333
807,17.0,0.6214705882352942,0.5882352941176471,0.6470588235294118,0.4882352941176471
808,18.0,0.628888888888889,0.6388888888888888,0.6666666666666666,0.5222222222222221
809,17.0,0.6447058823529411,0.6617647058823529,0.6470588235294118,0.5352941176470588
810,19.0,0.6821052631578948,0.6710526315789473,0.7894736842105263,0.5736842105263157
811,18.0,0.596111111111111,0.5,0.5555555555555556,0.5888888888888889
812,18.0,0.5788888888888889,0.5,0.6111111111111112,0.5444444444444445
813,18.0,0.578888888888889,0.5,0.6111111111111112,0.5444444444444445
814,18.0,0.7430555555555556,0.7638888888888888,0.8333333333333334,0.6222222222222221
815,6.0,0.8400000000000002,1.0,1.0,0.6
816,18.0,0.6066666666666667,0.5555555555555556,0.6111111111111112,0.5888888888888888
817,18.0,0.6733333333333333,0.6388888888888888,0.7777777777777778,0.5888888888888889
818,20.0,0.6144999999999999,0.55,0.55,0.5799999999999998
819,19.0,0.6828947368421053,0.7105263157894737,0.631578947368421,0.6368421052631577
820,18.0,0.6972222222222221,0.6388888888888888,0.8333333333333334,0.5888888888888888
821,20.0,0.6617500000000001,0.6375,0.7,0.55
822,17.0,0.6429411764705882,0.6029411764705882,0.7058823529411765,0.5823529411764705
823,18.0,0.6774999999999998,0.6527777777777778,0.7222222222222222,0.5777777777777777
824,18.0,0.6272222222222221,0.5833333333333334,0.6111111111111112,0.5444444444444445
825,18.0,0.5719444444444444,0.5694444444444444,0.2777777777777778,0.6333333333333333
826,18.0,0.6669444444444443,0.6527777777777778,0.7222222222222222,0.5888888888888889
827,18.0,0.7219444444444444,0.7638888888888888,0.8333333333333334,0.5777777777777777
828,18.0,0.7108333333333334,0.7361111111111112,0.7222222222222222,0.611111111111111
829,18.0,0.7094444444444445,0.7777777777777778,0.7777777777777778,0.5666666666666667
830,18.0,0.6858333333333334,0.625,0.8333333333333334,0.6
831,18.0,0.635,0.6666666666666666,0.6666666666666666,0.5
832,20.0,0.5827499999999999,0.4375,0.6,0.55
833,18.0,0.6633333333333334,0.6388888888888888,0.6111111111111112,0.6222222222222222
834,34.0,0.6964705882352938,0.6617647058823529,0.7941176470588235,0.5882352941176469
835,19.0,0.8597368421052632,1.0,1.0,0.6789473684210524
836,18.0,0.6505555555555556,0.5555555555555556,0.7777777777777778,0.5444444444444445
837,18.0,0.731388888888889,0.7361111111111112,0.8333333333333334,0.6222222222222222
838,20.0,0.67875,0.6875,0.75,0.5799999999999998
839,18.0,0.6455555555555554,0.6944444444444444,0.6666666666666666,0.5222222222222223
840,18.0,0.6447222222222222,0.625,0.6666666666666666,0.5888888888888888
841,18.0,0.7122222222222222,0.75,0.7777777777777778,0.6111111111111112
842,23.0,0.6823913043478261,0.717391304347826,0.7391304347826086,0.5695652173913043
843,18.0,0.7008333333333333,0.7361111111111112,0.7777777777777778,0.5555555555555556
844,19.0,0.7215789473684208,0.7763157894736842,0.6842105263157895,0.6473684210526315
845,35.0,0.5774285714285713,0.39285714285714285,0.5428571428571428,0.6257142857142854
846,19.0,0.6478947368421052,0.6447368421052632,0.7368421052631579,0.5210526315789473
847,20.0,0.68125,0.6875,0.75,0.59
848,18.0,0.7194444444444446,0.7222222222222222,0.8333333333333334,0.5777777777777778
849,19.0,0.6594736842105264,0.618421052631579,0.631578947368421,0.6157894736842104
850,18.0,0.6777777777777778,0.6111111111111112,0.8333333333333334,0.5444444444444444
851,18.0,0.6580555555555555,0.5694444444444444,0.7222222222222222,0.6000000000000001
852,17.0,0.6352941176470587,0.6323529411764706,0.6470588235294118,0.5470588235294118
853,18.0,0.6058333333333334,0.5694444444444444,0.6666666666666666,0.5
854,18.0,0.7491666666666666,0.7916666666666666,0.7777777777777778,0.6555555555555554
855,18.0,0.6636111111111109,0.625,0.7222222222222222,0.6222222222222221
856,18.0,0.7152777777777778,0.7361111111111112,0.8333333333333334,0.5444444444444444
857,18.0,0.7141666666666664,0.6805555555555556,0.8333333333333334,0.6333333333333332
858,18.0,0.7344444444444445,0.8055555555555556,0.8333333333333334,0.5777777777777777
859,18.0,0.6608333333333335,0.625,0.7222222222222222,0.5444444444444445
860,18.0,0.6091666666666666,0.5972222222222222,0.6111111111111112,0.5222222222222223
861,18.0,0.6736111111111112,0.5416666666666666,0.8333333333333334,0.611111111111111
862,20.0,0.6192500000000001,0.5875,0.6,0.5399999999999999
863,17.0,0.647941176470588,0.5588235294117647,0.7647058823529411,0.5823529411764705
864,32.0,0.6837500000000001,0.703125,0.6875,0.56875
865,18.0,0.6386111111111111,0.5416666666666666,0.7222222222222222,0.5555555555555556
866,18.0,0.7374999999999999,0.7638888888888888,0.8333333333333334,0.6
867,18.0,0.6752777777777778,0.7083333333333334,0.7222222222222222,0.5555555555555556
868,18.0,0.7147222222222221,0.7361111111111112,0.8333333333333334,0.5555555555555556
869,18.0,0.7180555555555554,0.7361111111111112,0.8333333333333334,0.5555555555555556
870,18.0,0.6344444444444444,0.6111111111111112,0.6666666666666666,0.5777777777777777
871,18.0,0.7330555555555556,0.7638888888888888,0.8333333333333334,0.6222222222222221
872,18.0,0.6191666666666666,0.5972222222222222,0.6666666666666666,0.5333333333333332
873,20.0,0.6595,0.625,0.7,0.58
874,18.0,0.6447222222222222,0.5694444444444444,0.6666666666666666,0.5888888888888889
875,18.0,0.6294444444444444,0.6388888888888888,0.6111111111111112,0.5666666666666667
876,18.0,0.6808333333333334,0.7361111111111112,0.6111111111111112,0.5888888888888888
877,18.0,0.7241666666666666,0.7916666666666666,0.7777777777777778,0.5555555555555556
878,18.0,0.6677777777777778,0.6666666666666666,0.7777777777777778,0.5333333333333333
879,18.0,0.6266666666666666,0.5555555555555556,0.6666666666666666,0.5333333333333333
880,17.0,0.6376470588235295,0.5147058823529411,0.7647058823529411,0.5941176470588235
881,17.0,0.71,0.6911764705882353,0.7647058823529411,0.6294117647058822
882,18.0,0.7374999999999999,0.7638888888888888,0.8333333333333334,0.6
883,18.0,0.6833333333333333,0.6944444444444444,0.7222222222222222,0.5777777777777778
884,19.0,0.7026315789473685,0.7236842105263158,0.7894736842105263,0.5421052631578948
885,18.0,0.7472222222222222,0.8333333333333334,0.8333333333333334,0.5555555555555556
886,18.0,0.7202777777777778,0.7083333333333334,0.8333333333333334,0.611111111111111
887,17.0,0.7370588235294115,0.75,0.8823529411764706,0.6058823529411764
888,36.0,0.7459722222222223,0.8402777777777778,0.8333333333333334,0.5555555555555555
889,18.0,0.6875,0.6805555555555556,0.8333333333333334,0.5
890,18.0,0.5602777777777779,0.4861111111111111,0.5,0.47777777777777775
891,18.0,0.6469444444444444,0.6527777777777778,0.6666666666666666,0.5777777777777778
892,18.0,0.7188888888888889,0.6666666666666666,0.8888888888888888,0.6
893,21.0,0.6104761904761904,0.5357142857142857,0.6666666666666666,0.5380952380952382
894,16.0,0.7043750000000001,0.71875,0.8125,0.5375000000000001
895,18.0,0.716111111111111,0.7222222222222222,0.8333333333333334,0.5777777777777777
896,18.0,0.7441666666666666,0.8472222222222222,0.8333333333333334,0.5666666666666668
897,21.0,0.6474603174603175,0.6071428571428571,0.6666666666666666,0.5571428571428572
898,18.0,0.6797222222222222,0.6527777777777778,0.7777777777777778,0.5444444444444445
899,18.0,0.6858333333333334,0.6805555555555556,0.8333333333333334,0.5333333333333334
900,20.0,0.64025,0.6125,0.6,0.57
901,18.0,0.5941666666666667,0.5138888888888888,0.6111111111111112,0.5888888888888888
902,18.0,0.6461111111111112,0.5555555555555556,0.7777777777777778,0.5666666666666667
903,18.0,0.7222222222222223,0.7222222222222222,0.8333333333333334,0.5888888888888889
904,18.0,0.6594444444444443,0.6111111111111112,0.7222222222222222,0.6222222222222221
905,21.0,0.6673809523809525,0.6666666666666666,0.6666666666666666,0.6428571428571427
906,18.0,0.7180555555555554,0.7083333333333334,0.8333333333333334,0.5888888888888889
907,18.0,0.7069444444444445,0.7361111111111112,0.8333333333333334,0.5111111111111111
908,18.0,0.6858333333333334,0.7083333333333334,0.7222222222222222,0.5444444444444444
909,18.0,0.6769444444444445,0.5972222222222222,0.7777777777777778,0.6
910,20.0,0.745,0.825,0.85,0.5799999999999998
911,20.0,0.6817499999999999,0.5875,0.8,0.6499999999999998
912,18.0,0.6072222222222222,0.5,0.7222222222222222,0.5333333333333333
913,21.0,0.6519047619047618,0.5357142857142857,0.7619047619047619,0.5857142857142857
914,18.0,0.6552777777777777,0.5694444444444444,0.7222222222222222,0.5888888888888888
915,17.0,0.585,0.5,0.5882352941176471,0.5352941176470588
916,17.0,0.635,0.5294117647058824,0.7058823529411765,0.5823529411764705
917,21.0,0.6630952380952381,0.6190476190476191,0.7142857142857143,0.5666666666666667
918,18.0,0.6608333333333334,0.625,0.7222222222222222,0.5444444444444444
919,16.0,0.6571875,0.578125,0.8125,0.5625
920,18.0,0.6566666666666666,0.6388888888888888,0.7222222222222222,0.5777777777777778
921,21.0,0.6964285714285715,0.7380952380952381,0.7142857142857143,0.5571428571428572
922,36.0,0.629583333333333,0.5763888888888888,0.7222222222222222,0.5444444444444444
923,18.0,0.5902777777777779,0.5416666666666666,0.5555555555555556,0.48888888888888893
924,18.0,0.7444444444444444,0.7777777777777778,0.8333333333333334,0.6111111111111112
925,43.0,0.7140697674418601,0.7441860465116279,0.7906976744186046,0.6069767441860462
926,18.0,0.7280555555555555,0.7638888888888888,0.8333333333333334,0.5888888888888889
927,23.0,0.6271739130434781,0.5,0.6521739130434783,0.6130434782608694
928,18.0,0.725,0.75,0.8333333333333334,0.5666666666666668
929,17.0,0.5826470588235293,0.5294117647058824,0.5294117647058824,0.6058823529411765
930,18.0,0.6736111111111112,0.7083333333333334,0.7222222222222222,0.5222222222222223
931,18.0,0.6400000000000001,0.5555555555555556,0.7222222222222222,0.5444444444444445
932,36.0,0.6470833333333331,0.5902777777777778,0.75,0.5499999999999999
933,37.0,0.6363513513513511,0.6081081081081081,0.6486486486486487,0.581081081081081
934,39.0,0.723076923076923,0.7628205128205128,0.7692307692307693,0.5923076923076922
935,37.0,0.7318918918918914,0.777027027027027,0.8378378378378378,0.5972972972972972
936,17.0,0.6179411764705882,0.5882352941176471,0.6470588235294118,0.5588235294117647
937,36.0,0.6629166666666665,0.6458333333333334,0.7222222222222222,0.5277777777777778
938,36.0,0.6044444444444443,0.5833333333333334,0.6111111111111112,0.5333333333333332
939,18.0,0.7263888888888888,0.7361111111111112,0.8333333333333334,0.5888888888888889
940,24.0,0.6147916666666666,0.5104166666666666,0.6666666666666666,0.5999999999999999
941,23.0,0.5539130434782609,0.5108695652173914,0.43478260869565216,0.5347826086956521
942,18.0,0.6455555555555557,0.6111111111111112,0.7222222222222222,0.5
943,18.0,0.7036111111111111,0.6805555555555556,0.8333333333333334,0.5777777777777777
944,20.0,0.6945000000000001,0.625,0.8,0.6199999999999999
945,19.0,0.615,0.6052631578947368,0.5789473684210527,0.594736842105263
946,20.0,0.68875,0.6875,0.75,0.6199999999999999
947,20.0,0.73275,0.7625,0.85,0.57
948,36.0,0.6524999999999995,0.5972222222222222,0.75,0.5499999999999999
949,34.0,0.6642647058823528,0.6397058823529411,0.7352941176470589,0.5588235294117646
950,18.0,0.563611111111111,0.4861111111111111,0.5,0.611111111111111
951,35.0,0.6184285714285713,0.5571428571428572,0.6571428571428571,0.5742857142857142
952,15.0,0.7273333333333334,0.7166666666666667,0.8666666666666667,0.6066666666666667
953,35.0,0.6517142857142855,0.6357142857142857,0.7142857142857143,0.5285714285714285
954,20.0,0.7685,0.85,0.9,0.5699999999999998
955,19.0,0.69,0.6710526315789473,0.8421052631578947,0.5526315789473684
956,18.0,0.6783333333333332,0.5833333333333334,0.7777777777777778,0.6222222222222222
957,20.0,0.7214999999999997,0.7,0.85,0.5999999999999999
958,18.0,0.7766666666666666,0.8333333333333334,0.9444444444444444,0.5888888888888888
959,18.0,0.6741666666666667,0.625,0.7777777777777778,0.5555555555555556
960,37.0,0.6409459459459459,0.5945945945945946,0.6486486486486487,0.6027027027027025
961,17.0,0.7205882352941176,0.7205882352941176,0.8235294117647058,0.6058823529411764
962,18.0,0.5725,0.4861111111111111,0.5555555555555556,0.5777777777777777
963,18.0,0.6263888888888889,0.5416666666666666,0.5555555555555556,0.6333333333333333
964,18.0,0.6927777777777776,0.6666666666666666,0.7777777777777778,0.6333333333333333
965,18.0,0.5655555555555556,0.4444444444444444,0.5555555555555556,0.6000000000000001
966,17.0,0.7182352941176469,0.7794117647058824,0.8235294117647058,0.5117647058823529
967,17.0,0.6573529411764706,0.6764705882352942,0.6470588235294118,0.5823529411764705
968,18.0,0.6241666666666664,0.4305555555555556,0.7777777777777778,0.5888888888888889
969,18.0,0.6458333333333334,0.5694444444444444,0.7222222222222222,0.5777777777777777
970,17.0,0.6532352941176471,0.4411764705882353,0.9411764705882353,0.5823529411764705
971,18.0,0.5308333333333333,0.4861111111111111,0.3888888888888889,0.5777777777777778
972,18.0,0.6349999999999999,0.5833333333333334,0.6666666666666666,0.5333333333333333
973,18.0,0.6827777777777776,0.5833333333333334,0.8333333333333334,0.611111111111111
974,18.0,0.7063888888888888,0.5972222222222222,0.8888888888888888,0.6333333333333333
975,16.0,0.5890624999999999,0.453125,0.5625,0.6
976,18.0,0.6230555555555556,0.5694444444444444,0.6666666666666666,0.5555555555555556
977,18.0,0.7569444444444444,0.8472222222222222,0.8333333333333334,0.5777777777777778
978,18.0,0.7505555555555555,0.8333333333333334,0.7777777777777778,0.6111111111111112
979,16.0,0.6021875,0.453125,0.75,0.525
980,18.0,0.5897222222222223,0.5138888888888888,0.5555555555555556,0.5333333333333333
981,18.0,0.6527777777777778,0.5833333333333334,0.7222222222222222,0.5888888888888889
982,19.0,0.6457894736842105,0.5394736842105263,0.8421052631578947,0.5210526315789474
983,18.0,0.648888888888889,0.5833333333333334,0.7777777777777778,0.5444444444444445
984,17.0,0.7535294117647057,0.8382352941176471,0.8235294117647058,0.5823529411764706
985,18.0,0.6297222222222222,0.625,0.5,0.5888888888888888
986,18.0,0.5472222222222222,0.5,0.3888888888888889,0.6
987,19.0,0.7247368421052632,0.75,0.8421052631578947,0.5842105263157894
988,13.0,0.45230769230769236,0.21153846153846154,0.15384615384615385,0.6384615384615385
989,18.0,0.6775000000000001,0.6527777777777778,0.7777777777777778,0.5888888888888888
990,18.0,0.6855555555555556,0.6111111111111112,0.8333333333333334,0.5888888888888889
991,18.0,0.6961111111111111,0.6944444444444444,0.7777777777777778,0.6
992,20.0,0.7230000000000001,0.675,0.95,0.5599999999999999
993,18.0,0.5738888888888889,0.5277777777777778,0.5,0.5888888888888888
994,25.0,0.6873999999999999,0.56,0.96,0.5479999999999999
995,18.0,0.5011111111111112,0.3611111111111111,0.3333333333333333,0.5444444444444445
996,18.0,0.6052777777777778,0.5694444444444444,0.6666666666666666,0.5111111111111111
997,18.0,0.623611111111111,0.5972222222222222,0.5555555555555556,0.6222222222222221
998,18.0,0.6725,0.6805555555555556,0.6666666666666666,0.5666666666666668
999,16.0,0.6584375,0.546875,0.75,0.6374999999999998
1000,17.0,0.6358823529411763,0.5441176470588235,0.7058823529411765,0.5823529411764705
1001,18.0,0.6902777777777777,0.7083333333333334,0.7222222222222222,0.5888888888888889
1002,18.0,0.6105555555555555,0.5,0.7222222222222222,0.5333333333333333
1003,18.0,0.7047222222222222,0.7638888888888888,0.7222222222222222,0.5666666666666667
1004,18.0,0.5869444444444444,0.5138888888888888,0.5555555555555556,0.5888888888888888
1005,18.0,0.6116666666666667,0.6666666666666666,0.4444444444444444,0.5888888888888889
1006,18.0,0.5869444444444444,0.4583333333333333,0.6666666666666666,0.5444444444444444
1007,16.0,0.6146874999999999,0.546875,0.625,0.5874999999999999
1008,18.0,0.6280555555555555,0.5694444444444444,0.6666666666666666,0.5888888888888889
1009,18.0,0.7186111111111111,0.7916666666666666,0.7222222222222222,0.588888888888889
1010,18.0,0.7152777777777778,0.7361111111111112,0.7777777777777778,0.5999999999999999
1011,18.0,0.7086111111111111,0.625,0.9444444444444444,0.5666666666666667
1012,18.0,0.7013888888888888,0.7361111111111112,0.7222222222222222,0.6000000000000001
1013,19.0,0.625,0.7105263157894737,0.42105263157894735,0.6157894736842104
1014,17.0,0.7070588235294117,0.75,0.7058823529411765,0.6058823529411763
1015,17.0,0.6673529411764705,0.5882352941176471,0.7647058823529411,0.5823529411764705
1016,18.0,0.6630555555555555,0.6527777777777778,0.6111111111111112,0.6444444444444444
1017,20.0,0.7030000000000001,0.65,0.9,0.5599999999999999
1018,17.0,0.6455882352941177,0.5882352941176471,0.7058823529411765,0.5823529411764705
1019,18.0,0.49666666666666676,0.3333333333333333,0.4444444444444444,0.5555555555555557
1020,17.0,0.7238235294117648,0.7647058823529411,0.7647058823529411,0.6529411764705881
1021,20.0,0.6669999999999998,0.575,0.8,0.57
1022,19.0,0.633684210526316,0.5921052631578947,0.6842105263157895,0.5421052631578948
1023,18.0,0.6188888888888889,0.5277777777777778,0.7222222222222222,0.5333333333333334
1024,18.0,0.6669444444444445,0.625,0.7777777777777778,0.5666666666666668
1025,17.0,0.6320588235294117,0.5294117647058824,0.7058823529411765,0.5705882352941176
1026,17.0,0.6817647058823529,0.6323529411764706,0.8235294117647058,0.5705882352941176
1027,23.0,0.7465217391304348,0.8152173913043478,0.8695652173913043,0.5782608695652173
1028,21.0,0.8161904761904762,0.9404761904761905,0.9523809523809523,0.6238095238095237
1029,18.0,0.6252777777777777,0.5972222222222222,0.6111111111111112,0.5999999999999999
1030,18.0,0.7372222222222223,0.75,0.8888888888888888,0.6
1031,19.0,0.8439473684210528,0.9736842105263158,1.0,0.6473684210526315
1032,17.0,0.6255882352941177,0.5294117647058824,0.7058823529411765,0.5588235294117647
1033,18.0,0.7136111111111112,0.7638888888888888,0.8333333333333334,0.5444444444444445
1034,54.0,0.724722222222222,0.7175925925925926,0.9629629629629629,0.5148148148148148
1035,18.0,0.5841666666666665,0.4861111111111111,0.6111111111111112,0.5555555555555555
1036,21.0,0.6504761904761904,0.6071428571428571,0.6666666666666666,0.6238095238095236
1037,18.0,0.7552777777777778,0.8194444444444444,0.8888888888888888,0.5888888888888889
1038,18.0,0.7224999999999999,0.7638888888888888,0.7777777777777778,0.6222222222222222
1039,18.0,0.6680555555555556,0.6527777777777778,0.7222222222222222,0.5666666666666667
1040,18.0,0.6769444444444443,0.6527777777777778,0.7222222222222222,0.588888888888889
1041,19.0,0.596578947368421,0.5263157894736842,0.631578947368421,0.5631578947368421
1042,18.0,0.7775,0.9305555555555556,0.8888888888888888,0.5444444444444445
1043,19.0,0.7205263157894737,0.7236842105263158,0.8421052631578947,0.5736842105263157
1044,18.0,0.6313888888888888,0.5694444444444444,0.6666666666666666,0.5888888888888888
1045,30.0,0.7164999999999998,0.8083333333333333,0.7666666666666667,0.5533333333333332
1046,36.0,0.703472222222222,0.7708333333333334,0.7777777777777778,0.5444444444444444
1047,36.0,0.7724999999999996,0.7777777777777778,0.9444444444444444,0.6388888888888886
1048,18.0,0.7108333333333333,0.875,0.7222222222222222,0.5111111111111111
1049,18.0,0.6469444444444444,0.6805555555555556,0.6111111111111112,0.5333333333333334
1050,35.0,0.7364285714285715,0.8285714285714286,0.8571428571428571,0.5342857142857143
1051,36.0,0.7065277777777778,0.6875,0.8333333333333334,0.5944444444444443
1052,18.0,0.7050000000000001,0.6944444444444444,0.8333333333333334,0.5666666666666667
1053,18.0,0.7558333333333334,0.8194444444444444,0.8888888888888888,0.5777777777777777
1054,36.0,0.6405555555555554,0.5138888888888888,0.7777777777777778,0.5944444444444442
1055,25.0,0.5997999999999999,0.52,0.64,0.5559999999999999
1056,36.0,0.732361111111111,0.7708333333333334,0.8611111111111112,0.5833333333333331
1057,17.0,0.6202941176470588,0.5294117647058824,0.6470588235294118,0.5823529411764705
1058,36.0,0.6816666666666668,0.6944444444444444,0.7777777777777778,0.5555555555555555
1059,18.0,0.7480555555555556,0.875,0.8333333333333334,0.5222222222222223
1060,36.0,0.6854166666666665,0.7013888888888888,0.6944444444444444,0.5722222222222221
1061,18.0,0.6222222222222222,0.6388888888888888,0.6111111111111112,0.5111111111111112
1062,10.0,0.6345,0.525,0.7,0.6
1063,36.0,0.7187500000000001,0.7847222222222222,0.7777777777777778,0.5555555555555555
1064,18.0,0.7094444444444445,0.8333333333333334,0.6666666666666666,0.611111111111111
1065,18.0,0.6963888888888888,0.8194444444444444,0.6111111111111112,0.5777777777777777
1066,18.0,0.5705555555555556,0.5555555555555556,0.5555555555555556,0.5
1067,18.0,0.5966666666666667,0.5833333333333334,0.5,0.5333333333333333
1068,36.0,0.6369444444444442,0.5555555555555556,0.7222222222222222,0.5722222222222221
1069,18.0,0.7108333333333331,0.7083333333333334,0.8333333333333334,0.6000000000000001
1070,18.0,0.6933333333333334,0.6666666666666666,0.7777777777777778,0.6222222222222222
1071,17.0,0.7361764705882352,0.7941176470588235,0.8235294117647058,0.5941176470588234
1072,18.0,0.7808333333333333,0.8472222222222222,0.9444444444444444,0.5888888888888888
1073,17.0,0.7297058823529413,0.6764705882352942,0.8823529411764706,0.664705882352941
1074,18.0,0.7736111111111111,0.8472222222222222,0.8333333333333334,0.6444444444444444
1075,36.0,0.6905555555555553,0.7777777777777778,0.6944444444444444,0.561111111111111
1076,18.0,0.6775,0.7083333333333334,0.7222222222222222,0.577777777777778
1077,36.0,0.6990277777777777,0.6736111111111112,0.7777777777777778,0.6166666666666665
1078,18.0,0.7208333333333332,0.7083333333333334,0.8333333333333334,0.6
1079,36.0,0.5938888888888887,0.5694444444444444,0.5,0.5722222222222221
1080,18.0,0.6238888888888889,0.5833333333333334,0.6111111111111112,0.5444444444444445
1081,18.0,0.7222222222222222,0.75,0.8333333333333334,0.5555555555555556
1082,36.0,0.6323611111111109,0.6180555555555556,0.6111111111111112,0.5833333333333331
1083,23.0,0.6669565217391306,0.6413043478260869,0.7391304347826086,0.5782608695652173
1084,36.0,0.6074999999999999,0.4861111111111111,0.6666666666666666,0.5999999999999999
1085,18.0,0.6480555555555556,0.5138888888888888,0.8333333333333334,0.5555555555555556
1086,36.0,0.6641666666666665,0.7083333333333334,0.6666666666666666,0.5666666666666667
1087,34.0,0.7226470588235294,0.8529411764705882,0.7058823529411765,0.5941176470588233
1088,30.0,0.5358333333333334,0.6083333333333333,0.26666666666666666,0.5466666666666666
1089,27.0,0.663148148148148,0.6666666666666666,0.5925925925925926,0.6111111111111108
1090,34.0,0.7526470588235292,0.8382352941176471,0.7647058823529411,0.6235294117647057
1091,18.0,0.5844444444444445,0.5,0.5555555555555556,0.5555555555555555
1092,18.0,0.702777777777778,0.6388888888888888,0.8333333333333334,0.6111111111111112
1093,23.0,0.673913043478261,0.6195652173913043,0.6521739130434783,0.6565217391304347
1094,18.0,0.6575,0.5694444444444444,0.6666666666666666,0.6666666666666665
1095,21.0,0.709047619047619,0.75,0.8095238095238095,0.5666666666666667
1096,18.0,0.5552777777777779,0.4861111111111111,0.4444444444444444,0.5666666666666667
1097,18.0,0.7155555555555556,0.7222222222222222,0.8888888888888888,0.5333333333333334
1098,15.0,0.4866666666666666,0.31666666666666665,0.4,0.5266666666666667
1099,18.0,0.5802777777777778,0.5138888888888888,0.6111111111111112,0.5333333333333333
1100,17.0,0.7441176470588236,0.8088235294117647,0.7647058823529411,0.6529411764705881
1101,27.0,0.6196296296296295,0.5277777777777778,0.6296296296296297,0.6111111111111109
1102,18.0,0.7358333333333333,0.7638888888888888,0.7777777777777778,0.6888888888888887
1103,16.0,0.5593750000000001,0.4375,0.5,0.5625
1104,17.0,0.6311764705882353,0.6323529411764706,0.5882352941176471,0.6176470588235293
1105,18.0,0.6955555555555555,0.7222222222222222,0.7222222222222222,0.6333333333333332
1106,12.0,0.7275,0.625,1.0,0.6
1107,27.0,0.6251851851851851,0.5833333333333334,0.5555555555555556,0.5962962962962961
1108,17.0,0.6411764705882353,0.6617647058823529,0.5882352941176471,0.5941176470588235
1109,23.0,0.63,0.5978260869565217,0.6521739130434783,0.5695652173913043
1110,18.0,0.6758333333333334,0.6527777777777778,0.6666666666666666,0.6666666666666665
1111,18.0,0.5338888888888889,0.3611111111111111,0.4444444444444444,0.5777777777777777
1112,18.0,0.6377777777777777,0.4722222222222222,0.7777777777777778,0.6333333333333333
1113,21.0,0.5930952380952381,0.40476190476190477,0.7142857142857143,0.5666666666666667
1114,18.0,0.6647222222222221,0.5416666666666666,0.8333333333333334,0.5888888888888888
1115,17.0,0.6058823529411764,0.45588235294117646,0.7058823529411765,0.5823529411764705
1116,18.0,0.6819444444444444,0.5694444444444444,0.8333333333333334,0.611111111111111
1117,18.0,0.4327777777777777,0.4166666666666667,0.1111111111111111,0.5333333333333333
1118,18.0,0.6752777777777776,0.6527777777777778,0.6666666666666666,0.6111111111111112
1119,18.0,0.8080555555555555,0.9583333333333334,1.0,0.5222222222222223
1120,17.0,0.6679411764705883,0.7058823529411765,0.7058823529411765,0.5588235294117647
1121,18.0,0.6400000000000001,0.6666666666666666,0.6666666666666666,0.5333333333333333
1122,18.0,0.6719444444444446,0.7083333333333334,0.6666666666666666,0.611111111111111
1123,17.0,0.7282352941176468,0.6911764705882353,0.8823529411764706,0.6411764705882352
1124,17.0,0.7826470588235294,0.8235294117647058,0.9411764705882353,0.6411764705882353
1125,18.0,0.6594444444444445,0.7222222222222222,0.6666666666666666,0.5444444444444445
1126,18.0,0.631388888888889,0.5416666666666666,0.6111111111111112,0.611111111111111
1127,72.0,0.6618055555555553,0.6805555555555556,0.6527777777777778,0.5777777777777778
1128,229.0,0.6593449781659386,0.6692139737991266,0.6375545851528385,0.5864628820960706
1129,18.0,0.6974999999999999,0.7638888888888888,0.7222222222222222,0.5777777777777777
1130,54.0,0.6024999999999998,0.4398148148148148,0.7222222222222222,0.5555555555555555
1131,18.0,0.6594444444444445,0.7222222222222222,0.6666666666666666,0.5444444444444445
1132,36.0,0.5997222222222219,0.5833333333333334,0.5277777777777778,0.5777777777777776
1133,36.0,0.6786111111111107,0.5833333333333334,0.8611111111111112,0.5666666666666665
1134,53.0,0.6562264150943392,0.6650943396226415,0.5849056603773585,0.6094339622641508
1135,18.0,0.6802777777777778,0.625,0.7222222222222222,0.6222222222222222
1136,34.0,0.8285294117647058,0.9558823529411765,0.9705882352941176,0.6294117647058821
1137,18.0,0.7255555555555555,0.8055555555555556,0.7777777777777778,0.5444444444444445
1138,18.0,0.7347222222222222,0.7916666666666666,0.8333333333333334,0.5555555555555556
1139,477.0,0.6093710691823895,0.4837526205450734,0.6729559748427673,0.606918238993708
1140,252.0,0.6949007936507946,0.5386904761904762,0.9920634920634921,0.5801587301587303
1141,144.0,0.7031944444444438,0.5902777777777778,0.9861111111111112,0.5583333333333339
1142,36.0,0.579861111111111,0.4513888888888889,0.6666666666666666,0.5444444444444443
1143,39.0,0.5437179487179485,0.41025641025641024,0.48717948717948717,0.5615384615384614
1144,90.0,0.6127222222222226,0.625,0.5444444444444444,0.5511111111111113
1145,32.0,0.7314062499999999,0.9140625,0.59375,0.5999999999999998
1146,180.0,0.7053888888888886,0.6555555555555556,0.9555555555555556,0.51
1147,106.0,0.7058962264150946,0.6438679245283019,0.9245283018867925,0.5528301886792456
1148,377.0,0.6009018567639262,0.48342175066313,0.6710875331564987,0.5599469496021213
1149,18.0,0.6849999999999999,0.6944444444444444,0.6666666666666666,0.6
1150,19.0,0.7260526315789473,0.8157894736842105,0.7894736842105263,0.5631578947368421
1151,54.0,0.7334259259259257,0.7453703703703703,0.8518518518518519,0.5962962962962961
1152,25.0,0.7123999999999999,0.79,0.72,0.564
1153,18.0,0.6572222222222222,0.8611111111111112,0.4444444444444444,0.5777777777777777
1154,18.0,0.7238888888888888,0.8333333333333334,0.7222222222222222,0.6000000000000001
1155,18.0,0.6438888888888887,0.6111111111111112,0.6666666666666666,0.5888888888888888
1156,3.0,0.6016666666666667,0.6666666666666666,0.3333333333333333,0.6333333333333333
1157,17.0,0.5255882352941175,0.4411764705882353,0.29411764705882354,0.676470588235294
1158,18.0,0.5886111111111112,0.625,0.5555555555555556,0.4888888888888888
1159,18.0,0.48916666666666675,0.375,0.3888888888888889,0.5444444444444445
1160,18.0,0.6130555555555556,0.5694444444444444,0.5555555555555556,0.6
1161,18.0,0.8136111111111111,0.9305555555555556,0.9444444444444444,0.6333333333333333
1162,18.0,0.6994444444444444,0.8611111111111112,0.6111111111111112,0.5666666666666667
1163,17.0,0.5152941176470589,0.4264705882352941,0.29411764705882354,0.6529411764705881
1164,18.0,0.6538888888888889,0.5833333333333334,0.8333333333333334,0.5222222222222221
1165,18.0,0.6824999999999999,0.7083333333333334,0.6666666666666666,0.6
1166,18.0,0.5180555555555555,0.3472222222222222,0.4444444444444444,0.611111111111111
1167,16.0,0.7275,0.75,0.8125,0.6375
1168,17.0,0.7097058823529413,0.7058823529411765,0.8235294117647058,0.5941176470588236
1169,15.0,0.6316666666666666,0.5333333333333333,0.6666666666666666,0.6599999999999999
1170,28.0,0.6614285714285713,0.6785714285714286,0.6428571428571429,0.6285714285714283
1171,17.0,0.6394117647058823,0.75,0.47058823529411764,0.5705882352941176
1172,18.0,0.6030555555555556,0.5416666666666666,0.6111111111111112,0.5777777777777777
1173,18.0,0.4847222222222222,0.4861111111111111,0.2222222222222222,0.5333333333333333
1174,33.0,0.7039898989898987,0.7575757575757576,0.696969696969697,0.6515151515151512
1175,18.0,0.5691666666666667,0.5138888888888888,0.5555555555555556,0.5444444444444445
1176,17.0,0.5223529411764707,0.45588235294117646,0.47058823529411764,0.5117647058823529
1177,12.0,0.5575,0.4583333333333333,0.5833333333333334,0.5166666666666667
1178,34.0,0.6370588235294116,0.6176470588235294,0.5882352941176471,0.6235294117647057
1179,18.0,0.6205555555555555,0.6111111111111112,0.6111111111111112,0.5777777777777778
1180,36.0,0.5343055555555555,0.4236111111111111,0.5277777777777778,0.5277777777777777
1181,18.0,0.6122222222222223,0.6388888888888888,0.6111111111111112,0.5111111111111111
1182,18.0,0.5858333333333334,0.5416666666666666,0.6111111111111112,0.5222222222222223
1183,18.0,0.7191666666666666,0.7361111111111112,0.8888888888888888,0.5444444444444444
1184,17.0,0.6958823529411766,0.7205882352941176,0.8235294117647058,0.5352941176470588
1185,18.0,0.6206111111111111,0.5694444444444444,0.5555555555555556,0.6888888888888887
1186,18.0,0.6341666666666665,0.5694444444444444,0.6111111111111112,0.6555555555555554
1187,18.0,0.6413888888888889,0.625,0.6111111111111112,0.6444444444444444
1188,16.0,0.6853125000000001,0.734375,0.625,0.6749999999999998
1189,18.0,0.6369444444444444,0.5694444444444444,0.6666666666666666,0.611111111111111
1190,17.0,0.5752941176470587,0.5147058823529411,0.5294117647058824,0.5941176470588234
1191,11.0,0.43545454545454537,0.25,0.36363636363636365,0.5181818181818182
1192,32.0,0.6690624999999998,0.65625,0.6875,0.6187499999999998
1193,15.0,0.6003333333333334,0.5666666666666667,0.4666666666666667,0.6466666666666666
1194,16.0,0.631875,0.5625,0.625,0.6375
1195,18.0,0.5552777777777778,0.4583333333333333,0.4444444444444444,0.6666666666666665
1196,50.0,0.7687999999999995,0.86,0.86,0.6039999999999998
1197,18.0,0.5827222222222224,0.4305555555555556,0.7222222222222222,0.5111111111111111
1198,18.0,0.7341666666666667,0.7638888888888888,0.7777777777777778,0.6555555555555554
1199,17.0,0.5564705882352942,0.4852941176470588,0.4117647058823529,0.6294117647058822
1200,17.0,0.7355882352941177,0.8235294117647058,0.8235294117647058,0.5705882352941176
1201,18.0,0.48277777777777786,0.3888888888888889,0.3333333333333333,0.5444444444444445
1202,18.0,0.7122222222222223,0.75,0.7222222222222222,0.6666666666666665
1203,18.0,0.6761111111111112,0.7222222222222222,0.6111111111111112,0.6666666666666665
1204,16.0,0.6296875,0.515625,0.75,0.575
1205,18.0,0.7705555555555557,0.8888888888888888,0.8333333333333334,0.6222222222222222
1206,17.0,0.5311764705882354,0.45588235294117646,0.4117647058823529,0.6058823529411764
1207,18.0,0.6211111111111111,0.6388888888888888,0.5555555555555556,0.5888888888888888
1208,34.0,0.6216176470588235,0.6544117647058824,0.47058823529411764,0.6352941176470586
1209,18.0,0.5955555555555556,0.5833333333333334,0.5555555555555556,0.5666666666666667
1210,18.0,0.7544444444444445,0.75,0.8888888888888888,0.6555555555555554
1211,18.0,0.6898148148148148,0.75,0.6666666666666666,0.6222222222222222
1212,18.0,0.7413888888888889,0.7361111111111112,0.9444444444444444,0.5777777777777778
1213,34.0,0.622205882352941,0.5955882352941176,0.5588235294117647,0.641176470588235
1214,16.0,0.7509374999999998,0.671875,1.0,0.6375
1215,18.0,0.6230555555555554,0.5972222222222222,0.6666666666666666,0.5222222222222221
1216,18.0,0.6538888888888889,0.6388888888888888,0.6666666666666666,0.6222222222222222
1217,17.0,0.7238235294117649,0.8235294117647058,0.7647058823529411,0.5823529411764705
1218,18.0,0.6480555555555555,0.625,0.6666666666666666,0.5888888888888888
1219,17.0,0.7252941176470588,0.7205882352941176,0.9411764705882353,0.5352941176470588
1220,18.0,0.5927777777777777,0.5833333333333334,0.5555555555555556,0.5555555555555556
1221,33.0,0.44196969696969696,0.42424242424242425,0.15151515151515152,0.5181818181818182
1222,17.0,0.6226470588235294,0.5294117647058824,0.6470588235294118,0.6058823529411764
1223,17.0,0.5855882352941176,0.47058823529411764,0.6470588235294118,0.5705882352941176
1224,18.0,0.7198148148148147,0.8333333333333334,0.8333333333333334,0.48888888888888893
1225,36.0,0.7535185185185184,0.8055555555555556,0.8333333333333334,0.6555555555555552
1226,33.0,0.6104545454545456,0.6060606060606061,0.6060606060606061,0.5484848484848485
1227,18.0,0.6094444444444445,0.5555555555555556,0.6111111111111112,0.6
1228,18.0,0.5158333333333335,0.375,0.4444444444444444,0.5555555555555555
1229,18.0,0.6239814814814816,0.625,0.5,0.6888888888888887
1230,14.0,0.6060714285714285,0.48214285714285715,0.6428571428571429,0.6428571428571429
1231,17.0,0.6018627450980394,0.5882352941176471,0.4117647058823529,0.676470588235294
1232,25.0,0.5673999999999999,0.48,0.48,0.5959999999999999
1233,18.0,0.642222222222222,0.7222222222222222,0.5555555555555556,0.5333333333333334
1234,18.0,0.6377777777777778,0.6944444444444444,0.5555555555555556,0.5888888888888889
1235,18.0,0.6905555555555555,0.6944444444444444,0.7222222222222222,0.6333333333333333
1236,17.0,0.5738235294117647,0.5588235294117647,0.5294117647058824,0.5352941176470588
1237,18.0,0.6738888888888888,0.75,0.6111111111111112,0.611111111111111
1238,16.0,0.6618749999999998,0.5625,0.75,0.6624999999999999
1239,17.0,0.6458823529411766,0.6323529411764706,0.6470588235294118,0.6176470588235294
1240,18.0,0.6536111111111111,0.625,0.6666666666666666,0.611111111111111
1241,18.0,0.3899999999999999,0.16666666666666666,0.2222222222222222,0.5777777777777778
1242,18.0,0.6405555555555555,0.6666666666666666,0.6111111111111112,0.5777777777777777
1243,18.0,0.6986111111111111,0.6805555555555556,0.8333333333333334,0.5444444444444444
1244,18.0,0.5961111111111111,0.5555555555555556,0.5,0.6444444444444444
1245,16.0,0.53125,0.5,0.375,0.575
1246,18.0,0.5233333333333332,0.3888888888888889,0.3333333333333333,0.6666666666666665
1247,18.0,0.6327777777777778,0.6111111111111112,0.6111111111111112,0.6
1248,18.0,0.6400000000000001,0.75,0.4444444444444444,0.6555555555555554
1249,15.0,0.5313333333333334,0.45,0.4,0.5133333333333333
1250,18.0,0.6875,0.7083333333333334,0.7222222222222222,0.5777777777777777
1251,15.0,0.785,0.9333333333333333,0.9333333333333333,0.5266666666666667
1252,18.0,0.6961111111111111,0.7777777777777778,0.6111111111111112,0.6
1253,18.0,0.6505555555555554,0.7222222222222222,0.4444444444444444,0.6777777777777776
1254,17.0,0.6582352941176471,0.6617647058823529,0.5882352941176471,0.6764705882352939
1255,17.0,0.41205882352941164,0.20588235294117646,0.23529411764705882,0.6058823529411765
1256,9.0,0.5616666666666666,0.3333333333333333,0.5555555555555556,0.6777777777777778
1257,18.0,0.48422222222222217,0.3611111111111111,0.2777777777777778,0.6666666666666665
1258,14.0,0.6100000000000001,0.6785714285714286,0.42857142857142855,0.5857142857142857
1259,18.0,0.5441666666666667,0.4861111111111111,0.5,0.5333333333333333
1260,18.0,0.5538888888888889,0.5555555555555556,0.3888888888888889,0.6
1261,17.0,0.5858823529411763,0.5147058823529411,0.5294117647058824,0.5941176470588235
1262,18.0,0.6108333333333333,0.5972222222222222,0.5555555555555556,0.611111111111111
1263,17.0,0.6944117647058823,0.6470588235294118,0.8235294117647058,0.6176470588235293
1264,17.0,0.6076470588235295,0.6029411764705882,0.5294117647058824,0.6176470588235293
1265,18.0,0.5662037037037035,0.4305555555555556,0.5555555555555556,0.6222222222222221
1266,17.0,0.7058823529411765,0.6323529411764706,0.8235294117647058,0.6529411764705881
1267,17.0,0.641470588235294,0.5588235294117647,0.7647058823529411,0.5705882352941176
1268,15.0,0.5950000000000001,0.5333333333333333,0.6,0.58
1269,14.0,0.5953571428571428,0.5178571428571429,0.5,0.7
1270,18.0,0.5116666666666666,0.6111111111111112,0.05555555555555555,0.5777777777777778
1271,18.0,0.6280555555555556,0.6805555555555556,0.5555555555555556,0.5666666666666667
1272,36.0,0.5732777777777778,0.5416666666666666,0.4166666666666667,0.6333333333333331
1273,18.0,0.5991481481481481,0.5833333333333334,0.5555555555555556,0.5777777777777777
1274,18.0,0.5261111111111111,0.4722222222222222,0.3888888888888889,0.5888888888888889
1275,17.0,0.6226470588235293,0.5882352941176471,0.5294117647058824,0.6529411764705881
1276,18.0,0.71,0.6111111111111112,0.9444444444444444,0.5888888888888888
1277,18.0,0.5955555555555556,0.5277777777777778,0.6111111111111112,0.5777777777777777
1278,18.0,0.6094444444444445,0.6388888888888888,0.5555555555555556,0.5555555555555556
1279,18.0,0.7552777777777779,0.8472222222222222,0.8333333333333334,0.611111111111111
1280,18.0,0.6761111111111111,0.75,0.7222222222222222,0.5222222222222221
1281,3.0,0.6816666666666668,0.6666666666666666,0.6666666666666666,0.6999999999999998
1282,18.0,0.47611111111111104,0.3611111111111111,0.2777777777777778,0.6333333333333333
1283,15.0,0.45999999999999996,0.31666666666666665,0.26666666666666666,0.6333333333333332
1284,18.0,0.4844444444444444,0.3055555555555556,0.3333333333333333,0.6777777777777776
1285,16.0,0.6353125000000001,0.609375,0.625,0.625
1286,15.0,0.5666666666666667,0.48333333333333334,0.4666666666666667,0.6599999999999999
1287,16.0,0.5353125000000001,0.484375,0.375,0.6249999999999999
1288,18.0,0.6753703703703704,0.6666666666666666,0.7777777777777778,0.5666666666666667
1289,17.0,0.565,0.4411764705882353,0.6470588235294118,0.5235294117647059
1290,18.0,0.6855555555555556,0.5833333333333334,0.8333333333333334,0.6222222222222221
1291,17.0,0.7326470588235293,0.6764705882352942,0.9411764705882353,0.6176470588235294
1292,17.0,0.6091176470588237,0.6470588235294118,0.6470588235294118,0.4529411764705882
1293,18.0,0.6358333333333334,0.6805555555555556,0.6666666666666666,0.5
1294,9.0,0.6077777777777778,0.6388888888888888,0.5555555555555556,0.5222222222222223
1295,18.0,0.7066666666666667,0.7777777777777778,0.6666666666666666,0.6666666666666665
1296,18.0,0.5975000000000001,0.5694444444444444,0.6111111111111112,0.5222222222222223
1297,18.0,0.5613888888888887,0.4861111111111111,0.4444444444444444,0.6444444444444444
1298,36.0,0.6573611111111108,0.6458333333333334,0.6388888888888888,0.6555555555555552
1299,18.0,0.7266666666666667,0.9444444444444444,0.6111111111111112,0.5888888888888889
1300,18.0,0.6244444444444445,0.6388888888888888,0.5555555555555556,0.5888888888888888
1301,18.0,0.7497222222222222,0.875,0.7777777777777778,0.6111111111111112
1302,14.0,0.7657142857142858,0.8214285714285714,0.9285714285714286,0.5714285714285714
1303,17.0,0.6152941176470588,0.5735294117647058,0.5294117647058824,0.6411764705882352
1304,14.0,0.5407142857142856,0.25,0.6428571428571429,0.6428571428571429
1305,16.0,0.440625,0.375,0.1875,0.55
1306,3.0,0.5316666666666666,0.3333333333333333,0.6666666666666666,0.5
1307,18.0,0.6066666666666666,0.5555555555555556,0.6111111111111112,0.5888888888888889
1308,7.0,0.6950000000000001,1.0,0.42857142857142855,0.5571428571428572
1309,18.0,0.8175000000000001,0.9583333333333334,0.8888888888888888,0.6444444444444444
1310,18.0,0.5683333333333332,0.4444444444444444,0.5555555555555556,0.611111111111111
1311,18.0,0.6613888888888889,0.6805555555555556,0.6111111111111112,0.6444444444444444
1312,11.0,0.6900000000000001,0.7045454545454546,0.8181818181818182,0.5363636363636364
1313,18.0,0.6238888888888887,0.5277777777777778,0.6666666666666666,0.6222222222222222
1314,18.0,0.6091666666666665,0.5972222222222222,0.6111111111111112,0.5222222222222221
1315,18.0,0.5627777777777778,0.4722222222222222,0.5555555555555556,0.5555555555555556
1316,21.0,0.615,0.6428571428571429,0.47619047619047616,0.6523809523809522
1317,5.0,0.515,0.4,0.4,0.6199999999999999
1318,15.0,0.5606666666666668,0.5833333333333334,0.4666666666666667,0.5
1319,31.0,0.5761612903225805,0.5645161290322581,0.3870967741935484,0.6032258064516126
1320,18.0,0.7316666666666666,0.8333333333333334,0.6666666666666666,0.6999999999999997
1321,16.0,0.69,0.75,0.6875,0.6125
1322,18.0,0.7122222222222221,0.7777777777777778,0.7222222222222222,0.5666666666666668
1323,18.0,0.42611111111111105,0.25,0.2222222222222222,0.6222222222222222
1324,18.0,0.576111111111111,0.5,0.5555555555555556,0.5888888888888888
1325,18.0,0.5375000000000001,0.2916666666666667,0.5,0.6333333333333333
1326,17.0,0.6329411764705882,0.5147058823529411,0.7058823529411765,0.6058823529411765
1327,4.0,0.605,0.625,0.5,0.55
1328,13.0,0.7061538461538462,0.75,0.6923076923076923,0.6538461538461539
1329,15.0,0.6,0.55,0.6,0.58
1330,29.0,0.6308620689655172,0.5689655172413793,0.6206896551724138,0.6517241379310342
1331,18.0,0.8155555555555555,0.9722222222222222,0.9444444444444444,0.5777777777777777
1332,18.0,0.7711111111111112,0.8888888888888888,0.8333333333333334,0.611111111111111
1333,13.0,0.6284615384615384,0.5192307692307693,0.6923076923076923,0.6384615384615385
1334,18.0,0.5586111111111111,0.375,0.6666666666666666,0.5444444444444445
1335,18.0,0.7419444444444445,0.7916666666666666,0.8888888888888888,0.5555555555555556
1336,16.0,0.778125,0.78125,0.9375,0.6624999999999999
1337,18.0,0.643611111111111,0.7916666666666666,0.2777777777777778,0.6666666666666665
1338,16.0,0.663125,0.71875,0.5625,0.6375
1339,17.0,0.7161764705882353,0.7352941176470589,0.8235294117647058,0.5705882352941176
1340,15.0,0.6780000000000002,0.7833333333333333,0.6,0.58
1341,18.0,0.7261111111111109,0.7777777777777778,0.7222222222222222,0.6888888888888887
1342,18.0,0.6892592592592591,0.6944444444444444,0.7222222222222222,0.6444444444444444
1343,18.0,0.5719444444444444,0.4861111111111111,0.5,0.6444444444444444
1344,18.0,0.6844444444444444,0.7222222222222222,0.7222222222222222,0.5888888888888888
1345,26.0,0.6418589743589742,0.5673076923076923,0.6923076923076923,0.6384615384615382
1346,18.0,0.5483333333333333,0.4722222222222222,0.5,0.5666666666666667
1347,18.0,0.6780555555555555,0.6805555555555556,0.6111111111111112,0.6444444444444444
1348,18.0,0.641388888888889,0.6805555555555556,0.5555555555555556,0.6333333333333332
1349,35.0,0.6410476190476189,0.5928571428571429,0.6857142857142857,0.6085714285714283
1350,34.0,0.6396078431372547,0.6470588235294118,0.6470588235294118,0.5764705882352941
1351,34.0,0.6363235294117645,0.6102941176470589,0.6470588235294118,0.6058823529411762
1352,13.0,0.6611538461538462,0.6923076923076923,0.6923076923076923,0.5615384615384615
1353,16.0,0.5571875000000001,0.484375,0.4375,0.6499999999999999
1354,18.0,0.6619444444444444,0.5694444444444444,0.7777777777777778,0.6
1355,18.0,0.7077777777777778,0.75,0.7777777777777778,0.5666666666666667
1356,17.0,0.7244117647058824,0.7941176470588235,0.7647058823529411,0.6058823529411764
1357,14.0,0.687142857142857,0.7857142857142857,0.5714285714285714,0.6571428571428571
1358,18.0,0.5141666666666667,0.4305555555555556,0.3333333333333333,0.6333333333333332
1359,18.0,0.5608333333333333,0.5138888888888888,0.3888888888888889,0.6111111111111112
1360,18.0,0.6219444444444443,0.4861111111111111,0.6666666666666666,0.6777777777777776
1361,18.0,0.6066666666666666,0.6111111111111112,0.6111111111111112,0.5222222222222224
1362,13.0,0.7265384615384617,0.8076923076923077,0.7692307692307693,0.6076923076923078
1363,24.0,0.7327083333333334,0.7395833333333334,0.875,0.6083333333333332
1364,18.0,0.5844444444444444,0.5555555555555556,0.5,0.611111111111111
1365,18.0,0.6038888888888888,0.6111111111111112,0.5555555555555556,0.5666666666666667
1366,17.0,0.6955882352941177,0.6470588235294118,0.8235294117647058,0.5941176470588236
1367,18.0,0.5788888888888889,0.5833333333333334,0.5,0.5555555555555556
1368,17.0,0.6632352941176469,0.6176470588235294,0.7058823529411765,0.6176470588235293
1369,52.0,0.5663461538461536,0.46153846153846156,0.4807692307692308,0.6384615384615382
1370,3.0,0.5566666666666666,0.4166666666666667,0.6666666666666666,0.5
1371,25.0,0.6727999999999998,0.73,0.68,0.5559999999999999
1372,13.0,0.6611538461538461,0.5769230769230769,0.6923076923076923,0.7
1373,33.0,0.7893939393939395,0.9772727272727273,0.8181818181818182,0.5969696969696968
1374,24.0,0.7712500000000002,0.9791666666666666,0.75,0.5499999999999999
1375,18.0,0.591111111111111,0.5,0.5555555555555556,0.6222222222222222
1376,18.0,0.6913888888888889,0.7083333333333334,0.6666666666666666,0.6222222222222221
1377,16.0,0.786875,0.8125,1.0,0.6124999999999999
1378,21.0,0.8257142857142857,0.9404761904761905,1.0,0.6142857142857141
1379,7.0,0.6828571428571429,0.5357142857142857,1.0,0.5285714285714286
1380,22.0,0.7093181818181816,0.7613636363636364,0.7727272727272727,0.5909090909090908
1381,18.0,0.6766666666666667,0.6944444444444444,0.6111111111111112,0.6888888888888887
1382,29.0,0.7536206896551723,0.8103448275862069,0.8620689655172413,0.6034482758620688
1383,18.0,0.576111111111111,0.4722222222222222,0.6111111111111112,0.5666666666666667
1384,33.0,0.7028787878787877,0.7727272727272727,0.6666666666666666,0.6575757575757573
1385,18.0,0.746111111111111,0.6666666666666666,0.9444444444444444,0.6666666666666665
1386,18.0,0.7041666666666667,0.7638888888888888,0.7777777777777778,0.5222222222222223
1387,33.0,0.6045454545454544,0.4318181818181818,0.696969696969697,0.621212121212121
1388,3.0,0.6566666666666666,0.5833333333333334,0.6666666666666666,0.6999999999999998
1389,18.0,0.7230555555555555,0.8194444444444444,0.7222222222222222,0.6
1390,11.0,0.8022727272727274,0.9090909090909091,0.9090909090909091,0.6272727272727274
1391,18.0,0.6761111111111111,0.7222222222222222,0.7222222222222222,0.5555555555555555
1392,7.0,0.8235714285714286,1.0,0.8571428571428571,0.6428571428571429
1393,35.0,0.6958571428571427,0.7714285714285715,0.7428571428571429,0.5457142857142856
1394,15.0,0.5216666666666667,0.4,0.4,0.6466666666666666
1395,35.0,0.6165714285714285,0.6214285714285714,0.5428571428571428,0.5971428571428569
1396,11.0,0.605909090909091,0.5454545454545454,0.5454545454545454,0.6636363636363637
1397,18.0,0.8400000000000001,1.0,0.9444444444444444,0.6555555555555554
1398,18.0,0.6531481481481483,0.6388888888888888,0.5555555555555556,0.6666666666666665
1399,17.0,0.6897058823529413,0.5882352941176471,0.8823529411764706,0.5823529411764707
1400,18.0,0.40944444444444433,0.2222222222222222,0.2777777777777778,0.5333333333333334
1401,18.0,0.811388888888889,0.9027777777777778,0.9444444444444444,0.6444444444444444
1402,25.0,0.7255999999999999,0.89,0.68,0.5559999999999999
1403,16.0,0.64,0.65625,0.625,0.5874999999999999
1404,6.0,0.8400000000000002,1.0,1.0,0.6
1405,18.0,0.6755555555555555,0.8333333333333334,0.5,0.5888888888888889
1406,18.0,0.41916666666666663,0.2638888888888889,0.16666666666666666,0.6333333333333333
1407,16.0,0.65125,0.59375,0.625,0.6624999999999999
1408,34.0,0.6142647058823529,0.625,0.5588235294117647,0.5882352941176469
1409,26.0,0.7307692307692305,0.7884615384615384,0.7692307692307693,0.6384615384615382
1410,23.0,0.7953623188405798,0.9456521739130435,0.9565217391304348,0.5347826086956522
1411,18.0,0.6747222222222222,0.7361111111111112,0.6666666666666666,0.5888888888888889
1412,18.0,0.6636111111111112,0.625,0.7777777777777778,0.5666666666666667
1413,26.0,0.7996153846153846,0.9615384615384616,0.9230769230769231,0.5615384615384614
1414,18.0,0.5141666666666667,0.5138888888888888,0.3333333333333333,0.5333333333333332
1415,18.0,0.48777777777777775,0.2777777777777778,0.4444444444444444,0.6000000000000001
1416,19.0,0.8189473684210526,0.9342105263157895,1.0,0.594736842105263
1417,18.0,0.8122222222222223,1.0,0.8333333333333334,0.6555555555555554
1418,4.0,0.5275,0.625,0.25,0.55
1419,18.0,0.7877777777777779,0.8888888888888888,0.8888888888888888,0.6222222222222221
1420,16.0,0.44499999999999995,0.40625,0.125,0.5625
1421,34.0,0.605735294117647,0.40441176470588236,0.7941176470588235,0.576470588235294
1422,18.0,0.7677777777777777,0.75,0.9444444444444444,0.6666666666666665
1423,46.0,0.597391304347826,0.6195652173913043,0.5434782608695652,0.5217391304347826
1424,47.0,0.5958510638297874,0.5319148936170213,0.574468085106383,0.5851063829787232
1425,63.0,0.6265079365079366,0.6150793650793651,0.6507936507936508,0.557142857142857
1426,14.0,0.6575000000000001,0.625,0.7142857142857143,0.5714285714285714
1427,17.0,0.5373529411764706,0.5,0.35294117647058826,0.5941176470588236
1428,11.0,0.5036363636363637,0.3409090909090909,0.45454545454545453,0.5909090909090909
1429,12.0,0.49166666666666664,0.25,0.4166666666666667,0.65
1430,17.0,0.6811764705882354,0.6323529411764706,0.8823529411764706,0.5235294117647058
1431,14.0,0.6842857142857142,0.7142857142857143,0.6428571428571429,0.6428571428571429
1432,17.0,0.7782352941176471,0.8382352941176471,0.9411764705882353,0.6058823529411764
1433,32.0,0.57359375,0.6328125,0.3125,0.6249999999999998
1434,28.0,0.7051785714285713,0.6875,0.8571428571428571,0.5785714285714284
1435,27.0,0.6909259259259258,0.7407407407407407,0.6666666666666666,0.6037037037037036
1436,51.0,0.6095098039215684,0.5784313725490197,0.5294117647058824,0.5980392156862743
1437,18.0,0.6147222222222223,0.6527777777777778,0.5555555555555556,0.5333333333333333
1438,12.0,0.65125,0.4791666666666667,0.9166666666666666,0.5333333333333333
1439,45.0,0.669444444444444,0.6333333333333333,0.7333333333333333,0.5711111111111109
1440,18.0,0.6977777777777776,0.75,0.7222222222222222,0.5555555555555556
1441,18.0,0.8344444444444444,1.0,1.0,0.5777777777777778
1442,18.0,0.6858333333333334,0.7083333333333334,0.7222222222222222,0.611111111111111
1443,18.0,0.7399999999999998,0.6944444444444444,1.0,0.5666666666666667
1444,18.0,0.5652777777777778,0.4027777777777778,0.5555555555555556,0.5555555555555556
1445,18.0,0.7538888888888889,0.9444444444444444,0.6666666666666666,0.6555555555555554
1446,27.0,0.7724074074074073,0.7962962962962963,0.9629629629629629,0.6111111111111108
1447,18.0,0.6552777777777777,0.7083333333333334,0.6666666666666666,0.5444444444444445
1448,17.0,0.666470588235294,0.7205882352941176,0.6470588235294118,0.5941176470588234
1449,17.0,0.6508823529411766,0.6176470588235294,0.7647058823529411,0.5235294117647059
1450,33.0,0.7334848484848482,0.7121212121212122,0.9090909090909091,0.6030303030303029
1451,36.0,0.7345833333333333,0.8402777777777778,0.75,0.5999999999999999
1452,18.0,0.5719444444444444,0.5138888888888888,0.5,0.611111111111111
1453,24.0,0.7222916666666667,0.59375,1.0,0.6166666666666665
1454,36.0,0.6904166666666665,0.6319444444444444,0.7777777777777778,0.6388888888888886
1455,18.0,0.6525000000000001,0.6527777777777778,0.6666666666666666,0.6
1456,19.0,0.7823684210526316,1.0,0.7368421052631579,0.594736842105263
1457,3.0,0.6316666666666667,0.5,0.6666666666666666,0.6999999999999998
1458,18.0,0.6497222222222222,0.7083333333333334,0.6111111111111112,0.5777777777777778
1459,34.0,0.6607352941176472,0.6397058823529411,0.7352941176470589,0.5588235294117646
1460,18.0,0.4952777777777777,0.2638888888888889,0.5,0.5777777777777777
1461,18.0,0.6908333333333334,0.6805555555555556,0.7222222222222222,0.611111111111111
1462,16.0,0.643125,0.625,0.625,0.6375
1463,18.0,0.7025000000000001,0.7638888888888888,0.7777777777777778,0.5555555555555556
1464,18.0,0.8155555555555555,0.9444444444444444,0.9444444444444444,0.6111111111111112
1465,18.0,0.6386111111111111,0.6527777777777778,0.6111111111111112,0.6
1466,18.0,0.598611111111111,0.5972222222222222,0.5,0.5777777777777777
1467,7.0,0.4771428571428572,0.32142857142857145,0.42857142857142855,0.49999999999999994
1468,20.0,0.7034999999999998,0.725,0.8,0.5599999999999999
1469,18.0,0.7405555555555555,0.8333333333333334,0.7777777777777778,0.6111111111111112
1470,18.0,0.7330555555555557,0.7638888888888888,0.7777777777777778,0.6777777777777776
1471,27.0,0.795,0.9444444444444444,0.8518518518518519,0.6259259259259258
1472,18.0,0.6886111111111111,0.7916666666666666,0.7222222222222222,0.5222222222222223
1473,21.0,0.8340476190476193,1.0,1.0,0.5761904761904761
1474,18.0,0.6372222222222221,0.7222222222222222,0.5555555555555556,0.5666666666666667
1475,33.0,0.668030303030303,0.6666666666666666,0.7272727272727273,0.5848484848484847
1476,18.0,0.5836111111111112,0.375,0.6666666666666666,0.6444444444444444
1477,18.0,0.603611111111111,0.5416666666666666,0.6111111111111112,0.5666666666666668
1478,18.0,0.641388888888889,0.6805555555555556,0.6666666666666666,0.5222222222222223
1479,17.0,0.6738235294117648,0.7352941176470589,0.6470588235294118,0.6058823529411764
1480,9.0,0.7883333333333336,1.0,0.7777777777777778,0.5888888888888889
1481,18.0,0.6686111111111112,0.6805555555555556,0.6666666666666666,0.6333333333333333
1482,18.0,0.6927777777777777,0.75,0.6666666666666666,0.6444444444444444
1483,33.0,0.6406060606060603,0.6439393939393939,0.6666666666666666,0.5484848484848485
1484,17.0,0.7877450980392158,1.0,0.8235294117647058,0.5705882352941176
1485,18.0,0.5225,0.4583333333333333,0.3888888888888889,0.5777777777777778
1486,18.0,0.8516666666666669,1.0,0.9444444444444444,0.6888888888888887
1487,18.0,0.6580555555555555,0.6805555555555556,0.6666666666666666,0.588888888888889
1488,36.0,0.6712499999999998,0.6736111111111112,0.5833333333333334,0.6333333333333331
1489,15.0,0.573,0.4666666666666667,0.4666666666666667,0.5933333333333334
1490,18.0,0.5919444444444444,0.6527777777777778,0.3888888888888889,0.5555555555555556
1491,18.0,0.5986111111111111,0.5694444444444444,0.6111111111111112,0.5
1492,33.0,0.6759090909090906,0.7272727272727273,0.6363636363636364,0.5909090909090907
1493,18.0,0.61,0.6111111111111112,0.4444444444444444,0.6888888888888887
1494,32.0,0.6184374999999999,0.5,0.78125,0.5249999999999999
1495,18.0,0.5047222222222223,0.4027777777777778,0.3888888888888889,0.5777777777777777
1496,18.0,0.5677777777777777,0.4166666666666667,0.6111111111111112,0.6
1497,18.0,0.5869444444444444,0.5694444444444444,0.5,0.5777777777777777
1498,17.0,0.7464705882352941,0.8088235294117647,0.8235294117647058,0.6176470588235294
1499,26.0,0.7524999999999997,0.7019230769230769,1.0,0.6076923076923075
1500,18.0,0.5913888888888891,0.6527777777777778,0.5,0.5222222222222224
1501,18.0,0.6516666666666665,0.5833333333333334,0.6666666666666666,0.6666666666666665
1502,17.0,0.8067647058823529,0.8823529411764706,0.9411764705882353,0.6529411764705881
1503,18.0,0.8136111111111112,0.9305555555555556,0.9444444444444444,0.6333333333333332
1504,18.0,0.6111111111111112,0.6944444444444444,0.3888888888888889,0.6222222222222221
1505,25.0,0.6592666666666667,0.66,0.6,0.6679999999999997
1506,13.0,0.6338461538461538,0.6346153846153846,0.5384615384615384,0.6384615384615385
1507,18.0,0.6022222222222223,0.7222222222222222,0.3333333333333333,0.5555555555555556
1508,18.0,0.5874999999999999,0.5694444444444444,0.3888888888888889,0.6777777777777776
1509,18.0,0.7355555555555555,0.8611111111111112,0.7222222222222222,0.6
1510,35.0,0.6607142857142857,0.7,0.6285714285714286,0.5799999999999998
1511,18.0,0.6369444444444443,0.6805555555555556,0.5555555555555556,0.5888888888888889
1512,18.0,0.6347222222222223,0.7638888888888888,0.5,0.5222222222222223
1513,34.0,0.7191176470588233,0.7941176470588235,0.7058823529411765,0.5941176470588233
1514,17.0,0.6694117647058822,0.75,0.5882352941176471,0.6294117647058823
1515,18.0,0.6877777777777778,0.5555555555555556,0.9444444444444444,0.5666666666666667
1516,18.0,0.6580555555555557,0.6805555555555556,0.4444444444444444,0.6777777777777776
1517,32.0,0.5551562500000001,0.4765625,0.59375,0.48750000000000004
1518,18.0,0.6708333333333333,0.625,0.7222222222222222,0.611111111111111
1519,18.0,0.5508333333333334,0.5694444444444444,0.3888888888888889,0.5444444444444445
1520,36.0,0.6756944444444443,0.6875,0.6944444444444444,0.6166666666666665
1521,17.0,0.6502941176470587,0.5588235294117647,0.8235294117647058,0.5470588235294119
1522,18.0,0.7247222222222223,0.9027777777777778,0.6666666666666666,0.5222222222222223
1523,27.0,0.6477777777777776,0.5648148148148148,0.7407407407407407,0.6037037037037036
1524,14.0,0.7928571428571429,1.0,0.6428571428571429,0.7
1525,33.0,0.5440909090909091,0.3787878787878788,0.5757575757575758,0.5787878787878786
1526,17.0,0.7961764705882354,1.0,0.7647058823529411,0.6176470588235293
1527,35.0,0.6724285714285715,0.8142857142857143,0.4857142857142857,0.6257142857142854
1528,13.0,0.7496153846153847,0.8461538461538461,0.8461538461538461,0.576923076923077
1529,46.0,0.619927536231884,0.5217391304347826,0.6521739130434783,0.6217391304347823
1530,35.0,0.6255714285714284,0.6142857142857143,0.5142857142857142,0.6428571428571426
1531,18.0,0.6930555555555556,0.8194444444444444,0.6666666666666666,0.5222222222222223
1532,36.0,0.6449999999999997,0.5972222222222222,0.6944444444444444,0.5888888888888888
1533,17.0,0.6102941176470589,0.5,0.5882352941176471,0.6647058823529411
1534,17.0,0.5132352941176471,0.5588235294117647,0.23529411764705882,0.5588235294117647
1535,14.0,0.5282142857142856,0.4107142857142857,0.42857142857142855,0.6142857142857144
1536,13.0,0.5765384615384616,0.5,0.5384615384615384,0.6076923076923078
1537,54.0,0.5070370370370371,0.4351851851851852,0.35185185185185186,0.5851851851851849
1538,16.0,0.6828124999999999,0.640625,0.75,0.6374999999999998
1539,15.0,0.6686666666666666,0.6166666666666667,0.7333333333333333,0.5933333333333334
1540,17.0,0.6929411764705883,0.7794117647058824,0.6470588235294118,0.6294117647058823
1541,18.0,0.68,0.6666666666666666,0.6666666666666666,0.6666666666666665
1542,34.0,0.5573529411764705,0.4411764705882353,0.5,0.6117647058823528
1543,27.0,0.7181481481481482,0.7685185185185185,0.7777777777777778,0.6037037037037035
1544,12.0,0.6470833333333333,0.6041666666666666,0.6666666666666666,0.6166666666666667
1545,51.0,0.5962745098039214,0.553921568627451,0.6078431372549019,0.5196078431372548
1546,18.0,0.4858333333333333,0.4027777777777778,0.3333333333333333,0.5666666666666665
1547,18.0,0.6233333333333333,0.6944444444444444,0.4444444444444444,0.5888888888888889
1548,18.0,0.6133333333333334,0.6666666666666666,0.5,0.5666666666666667
1549,18.0,0.6238333333333332,0.5972222222222222,0.5555555555555556,0.6111111111111112
1550,18.0,0.6797222222222223,0.6805555555555556,0.6666666666666666,0.6222222222222221
1551,17.0,0.559705882352941,0.5882352941176471,0.35294117647058826,0.6058823529411764
1552,18.0,0.5111111111111113,0.5555555555555556,0.2222222222222222,0.5555555555555556
1553,18.0,0.6622222222222223,0.5555555555555556,0.8333333333333334,0.5888888888888888
1554,41.0,0.708780487804878,0.725609756097561,0.7560975609756098,0.6365853658536582
1555,18.0,0.6833333333333332,0.75,0.6666666666666666,0.5666666666666668
1556,48.0,0.6134375000000001,0.5885416666666666,0.6458333333333334,0.5166666666666667
1557,18.0,0.6205555555555555,0.6111111111111112,0.6111111111111112,0.5777777777777777
1558,18.0,0.5877777777777777,0.5555555555555556,0.6111111111111112,0.5
1559,49.0,0.6761224489795915,0.7397959183673469,0.6122448979591837,0.6102040816326528
1560,17.0,0.6667647058823531,0.6470588235294118,0.6470588235294118,0.6411764705882352
1561,52.0,0.6276923076923075,0.625,0.5769230769230769,0.5961538461538459
1562,17.0,0.5741176470588236,0.5735294117647058,0.4117647058823529,0.5941176470588235
1563,18.0,0.6549999999999999,0.6388888888888888,0.6666666666666666,0.5999999999999999
1564,34.0,0.568529411764706,0.5441176470588235,0.47058823529411764,0.5411764705882351
1565,16.0,0.7509374999999999,0.828125,0.8125,0.6375
1566,18.0,0.6294444444444446,0.6111111111111112,0.5555555555555556,0.6555555555555554
1567,30.0,0.7533333333333333,0.6333333333333333,1.0,0.693333333333333
1568,17.0,0.6314705882352942,0.7352941176470589,0.4117647058823529,0.6294117647058822
1569,34.0,0.6539705882352942,0.6838235294117647,0.6176470588235294,0.5823529411764704
1570,27.0,0.5162962962962961,0.4166666666666667,0.4074074074074074,0.5888888888888887
1571,17.0,0.6288235294117648,0.5441176470588235,0.5882352941176471,0.6294117647058823
1572,35.0,0.7921428571428569,0.8714285714285714,0.8857142857142857,0.6771428571428568
1573,50.0,0.6783,0.695,0.66,0.6159999999999998
1574,17.0,0.6944117647058823,0.5588235294117647,0.9411764705882353,0.6058823529411764
1575,18.0,0.705,0.7777777777777778,0.6111111111111112,0.6222222222222221
1576,18.0,0.7308333333333334,0.7361111111111112,0.8888888888888888,0.5777777777777777
1577,18.0,0.6238888888888888,0.6388888888888888,0.5555555555555556,0.5333333333333333
1578,18.0,0.5425,0.5138888888888888,0.3333333333333333,0.5666666666666667
1579,18.0,0.5755555555555555,0.4722222222222222,0.5,0.6222222222222222
1580,18.0,0.6313888888888888,0.6527777777777778,0.6111111111111112,0.5444444444444444
1581,35.0,0.5195714285714287,0.4714285714285714,0.34285714285714286,0.5685714285714284
1582,51.0,0.6869607843137253,0.6568627450980392,0.7647058823529411,0.625490196078431
1583,17.0,0.6544117647058824,0.6764705882352942,0.6470588235294118,0.5705882352941177
1584,9.0,0.5844444444444444,0.5833333333333334,0.5555555555555556,0.5222222222222223
1585,8.0,0.645625,0.78125,0.5,0.525
1586,8.0,0.460625,0.28125,0.25,0.5750000000000001
1587,5.0,0.7250000000000001,0.8,0.8,0.5800000000000001
1588,36.0,0.6313888888888887,0.6666666666666666,0.5,0.6388888888888886
1589,12.0,0.7483333333333334,0.8333333333333334,0.8333333333333334,0.6
1590,18.0,0.5427777777777778,0.3611111111111111,0.5555555555555556,0.6222222222222222
1591,33.0,0.7733333333333332,0.8106060606060606,1.0,0.5606060606060606
1592,18.0,0.6794444444444445,0.7222222222222222,0.6111111111111112,0.6666666666666665
1593,18.0,0.6511111111111112,0.6944444444444444,0.5555555555555556,0.6555555555555554
1594,17.0,0.6355882352941177,0.6470588235294118,0.6470588235294118,0.5588235294117647
1595,23.0,0.7871739130434783,0.9565217391304348,0.8695652173913043,0.5608695652173913
1596,18.0,0.6086111111111112,0.4861111111111111,0.7222222222222222,0.5555555555555556
1597,18.0,0.6972222222222224,0.8888888888888888,0.3888888888888889,0.6666666666666665
1598,17.0,0.7006470588235295,0.7058823529411765,0.8235294117647058,0.5588235294117648
1599,18.0,0.5394444444444444,0.4166666666666667,0.5,0.5444444444444444
1600,18.0,0.7394444444444443,0.8333333333333334,0.7222222222222222,0.6222222222222222
1601,18.0,0.7772222222222224,0.8611111111111112,0.8888888888888888,0.6
1602,19.0,0.760263157894737,0.8947368421052632,0.7894736842105263,0.6052631578947367
1603,18.0,0.8044444444444445,0.9444444444444444,0.9444444444444444,0.5666666666666667
1604,10.0,0.6855,0.625,0.7,0.66
1605,35.0,0.7044285714285715,0.8,0.7142857142857143,0.5628571428571427
1606,18.0,0.7094444444444445,0.6944444444444444,0.7777777777777778,0.6666666666666665
1607,18.0,0.5155555555555557,0.4722222222222222,0.3333333333333333,0.5888888888888888
1608,18.0,0.7227777777777779,0.8055555555555556,0.6666666666666666,0.6444444444444444
1609,18.0,0.6636111111111113,0.6527777777777778,0.6666666666666666,0.5777777777777777
1610,18.0,0.5766666666666667,0.75,0.2222222222222222,0.6111111111111112
1611,16.0,0.7360416666666665,0.71875,0.875,0.6499999999999999
1612,18.0,0.6733333333333333,0.75,0.6666666666666666,0.5666666666666668
1613,18.0,0.7094444444444444,0.6666666666666666,0.8888888888888888,0.5888888888888889
1614,18.0,0.5488888888888889,0.6666666666666666,0.2222222222222222,0.6
1615,18.0,0.5316666666666666,0.4722222222222222,0.4444444444444444,0.5555555555555556
1616,17.0,0.7238235294117645,0.7058823529411765,0.8235294117647058,0.664705882352941
1617,7.0,0.7257142857142858,0.6785714285714286,0.8571428571428571,0.6714285714285715
1618,18.0,0.6441666666666667,0.5972222222222222,0.7222222222222222,0.5777777777777778
1619,18.0,0.5844444444444444,0.5,0.6666666666666666,0.5111111111111112
1620,15.0,0.7283333333333333,0.7,0.8666666666666667,0.6466666666666666
1621,25.0,0.74,0.79,0.92,0.5319999999999999
1622,18.0,0.7080555555555553,0.625,0.8333333333333334,0.6888888888888887
1623,18.0,0.6258333333333332,0.7361111111111112,0.3888888888888889,0.6444444444444444
1624,17.0,0.7097058823529411,0.6764705882352942,0.8823529411764706,0.5705882352941176
1625,18.0,0.6594444444444443,0.5833333333333334,0.7777777777777778,0.6
1626,17.0,0.6017647058823529,0.5441176470588235,0.5882352941176471,0.6058823529411764
1627,18.0,0.5741666666666667,0.7638888888888888,0.16666666666666666,0.6
1628,18.0,0.7608333333333329,0.7083333333333334,0.9444444444444444,0.6888888888888887
1629,16.0,0.4103124999999999,0.234375,0.25,0.5499999999999999
1630,17.0,0.7341176470588234,0.75,0.8823529411764706,0.5941176470588234
1631,17.0,0.826764705882353,1.0,1.0,0.5470588235294118
1632,24.0,0.7633333333333331,0.7291666666666666,0.9583333333333334,0.6499999999999997
1633,16.0,0.7134375,0.703125,0.8125,0.6375
1634,18.0,0.5705555555555556,0.5,0.5555555555555556,0.5666666666666667
1635,15.0,0.7489999999999998,0.7,0.9333333333333333,0.6466666666666666
1636,21.0,0.7583333333333331,0.7380952380952381,0.9523809523809523,0.6238095238095236
1637,18.0,0.59,0.5277777777777778,0.5555555555555556,0.6111111111111112
1638,17.0,0.7341176470588234,0.7205882352941176,0.9411764705882353,0.5705882352941176
1639,17.0,0.742941176470588,0.6911764705882353,0.8823529411764706,0.6999999999999998
1640,16.0,0.7368749999999998,0.71875,0.875,0.6499999999999999
1641,18.0,0.7399999999999998,0.6944444444444444,0.8888888888888888,0.6777777777777776
1642,18.0,0.7163888888888886,0.7083333333333334,0.8333333333333334,0.6222222222222221
1643,18.0,0.6288888888888889,0.6388888888888888,0.6666666666666666,0.5222222222222221
1644,11.0,0.6672727272727272,0.6136363636363636,0.7272727272727273,0.6454545454545455
1645,18.0,0.6344444444444446,0.6111111111111112,0.6111111111111112,0.6333333333333332
1646,18.0,0.783611111111111,0.8194444444444444,0.9444444444444444,0.6333333333333333
1647,18.0,0.738611111111111,0.7083333333333334,0.9444444444444444,0.6
1648,18.0,0.7216666666666666,0.6944444444444444,0.8888888888888888,0.577777777777778
1649,3.0,0.715,0.5,1.0,0.6999999999999998
1650,18.0,0.7344444444444442,0.75,0.8333333333333334,0.6444444444444444
1651,18.0,0.6733333333333333,0.6666666666666666,0.7777777777777778,0.5555555555555556
1652,18.0,0.6052777777777778,0.4861111111111111,0.6666666666666666,0.611111111111111
1653,18.0,0.5872222222222222,0.5555555555555556,0.5555555555555556,0.5666666666666667
1654,18.0,0.6038888888888888,0.5277777777777778,0.6111111111111112,0.611111111111111
1655,21.0,0.7185714285714283,0.6309523809523809,0.9047619047619048,0.6523809523809522
1656,18.0,0.762222222222222,0.75,0.9444444444444444,0.6444444444444444
1657,18.0,0.7573148148148146,0.7361111111111112,0.9444444444444444,0.6444444444444444
1658,18.0,0.6733333333333333,0.6388888888888888,0.7777777777777778,0.5888888888888888
1659,18.0,0.6752777777777776,0.5972222222222222,0.7777777777777778,0.6333333333333333
1660,18.0,0.7308333333333332,0.7916666666666666,0.8333333333333334,0.5666666666666665
1661,12.0,0.5441666666666666,0.4583333333333333,0.4166666666666667,0.65
1662,18.0,0.6247222222222223,0.6527777777777778,0.6111111111111112,0.5444444444444444
1663,28.0,0.778392857142857,0.8125,1.0,0.5785714285714284
1664,18.0,0.7399999999999998,0.6111111111111112,1.0,0.6666666666666665
1665,18.0,0.8080555555555556,0.9305555555555556,0.8888888888888888,0.6666666666666665
1666,18.0,0.5816666666666667,0.5277777777777778,0.5555555555555556,0.5777777777777777
1667,18.0,0.7205555555555554,0.6944444444444444,0.8888888888888888,0.6
1668,36.0,0.7187499999999996,0.6875,0.8611111111111112,0.622222222222222
1669,18.0,0.575,0.5277777777777778,0.5555555555555556,0.5111111111111112
1670,18.0,0.7272222222222221,0.6944444444444444,0.8888888888888888,0.6
1671,21.0,0.7038095238095237,0.6785714285714286,0.8095238095238095,0.5857142857142856
1672,21.0,0.8114285714285714,0.9166666666666666,1.0,0.5857142857142856
1673,18.0,0.749722222222222,0.7083333333333334,0.9444444444444444,0.6444444444444443
1674,18.0,0.7705555555555553,0.7777777777777778,0.9444444444444444,0.6444444444444444
1675,18.0,0.6441666666666667,0.6805555555555556,0.6666666666666666,0.5333333333333333
1676,36.0,0.6740277777777776,0.7152777777777778,0.6666666666666666,0.6111111111111109
1677,18.0,0.7844444444444444,0.9166666666666666,0.8888888888888888,0.5888888888888888
1678,18.0,0.48999999999999994,0.4166666666666667,0.3333333333333333,0.5666666666666667
1679,30.0,0.7531666666666664,0.7583333333333333,0.9333333333333333,0.5933333333333333
1680,18.0,0.7105555555555556,0.7222222222222222,0.8888888888888888,0.5
1681,18.0,0.7474999999999998,0.7083333333333334,0.9444444444444444,0.6222222222222222
1682,31.0,0.7916129032258065,0.8145161290322581,1.0,0.6290322580645159
1683,18.0,0.6677777777777778,0.6388888888888888,0.7777777777777778,0.5666666666666667
1684,18.0,0.7011111111111109,0.6666666666666666,0.8333333333333334,0.6111111111111112
1685,18.0,0.7183333333333332,0.6666666666666666,0.8888888888888888,0.611111111111111
1686,17.0,0.4838235294117647,0.4117647058823529,0.29411764705882354,0.5588235294117647
1687,3.0,0.6983333333333334,0.8333333333333334,0.6666666666666666,0.5666666666666667
1688,18.0,0.6011111111111112,0.5555555555555556,0.6666666666666666,0.5111111111111111
1689,34.0,0.7377941176470586,0.7132352941176471,0.9705882352941176,0.5647058823529411
1690,18.0,0.6844444444444444,0.6388888888888888,0.7222222222222222,0.6222222222222222
1691,18.0,0.7466666666666665,0.7222222222222222,0.8888888888888888,0.6444444444444444
1692,18.0,0.7161111111111109,0.6111111111111112,0.8888888888888888,0.6555555555555554
1693,18.0,0.7608333333333334,0.8472222222222222,0.8888888888888888,0.5777777777777777
1694,28.0,0.6971428571428568,0.6607142857142857,0.8214285714285714,0.6142857142857141
1695,18.0,0.7427777777777775,0.7222222222222222,0.9444444444444444,0.6
1696,18.0,0.5872222222222221,0.5555555555555556,0.5555555555555556,0.5666666666666667
1697,18.0,0.7608333333333329,0.7083333333333334,0.9444444444444444,0.6888888888888887
1698,18.0,0.44333333333333336,0.25,0.2777777777777778,0.6222222222222222
1699,10.0,0.6984999999999999,0.525,0.9,0.68
1700,18.0,0.7122222222222221,0.6944444444444444,0.8888888888888888,0.5666666666666667
1701,33.0,0.6816666666666666,0.6666666666666666,0.7272727272727273,0.6393939393939391
1702,18.0,0.6816666666666663,0.5833333333333334,0.7777777777777778,0.6888888888888887
1703,19.0,0.7742105263157892,0.7763157894736842,0.9473684210526315,0.6578947368421051
1704,18.0,0.8038888888888889,0.9722222222222222,0.8888888888888888,0.6
1705,18.0,0.6677777777777777,0.5833333333333334,0.7777777777777778,0.6333333333333333
1706,17.0,0.7273529411764705,0.7058823529411765,0.9411764705882353,0.5470588235294117
1707,12.0,0.64,0.625,0.6666666666666666,0.5833333333333334
1708,18.0,0.7274999999999998,0.7083333333333334,0.8888888888888888,0.611111111111111
1709,18.0,0.8108333333333334,0.875,1.0,0.6333333333333333
1710,18.0,0.7516666666666666,0.75,0.9444444444444444,0.5888888888888889
1711,18.0,0.615,0.5,0.7222222222222222,0.5777777777777777
1712,18.0,0.769722222222222,0.7361111111111112,0.9444444444444444,0.6777777777777776
1713,18.0,0.7358333333333333,0.7083333333333334,0.9444444444444444,0.5888888888888888
1714,18.0,0.7877777777777779,0.8888888888888888,0.8333333333333334,0.6777777777777776
1715,18.0,0.4275,0.2916666666666667,0.2777777777777778,0.5222222222222223
1716,17.0,0.6135294117647059,0.45588235294117646,0.7058823529411765,0.6411764705882352
1717,18.0,0.6247222222222223,0.5694444444444444,0.6111111111111112,0.6444444444444444
1718,18.0,0.7372222222222222,0.7222222222222222,0.9444444444444444,0.5777777777777777
1719,18.0,0.7891666666666666,0.875,0.9444444444444444,0.5888888888888889
1720,9.0,0.5788888888888889,0.5833333333333334,0.4444444444444444,0.6111111111111112
1721,15.0,0.6033333333333334,0.5833333333333334,0.6,0.5533333333333333
1722,18.0,0.5594444444444444,0.5,0.5,0.5777777777777777
1723,17.0,0.8332352941176471,0.9411764705882353,0.9411764705882353,0.688235294117647
1724,17.0,0.7450980392156862,0.75,0.9411764705882353,0.5823529411764706
1725,18.0,0.4399999999999999,0.3611111111111111,0.2222222222222222,0.5444444444444445
1726,18.0,0.7511111111111108,0.7222222222222222,0.9444444444444444,0.6333333333333333
1727,17.0,0.7385294117647057,0.6764705882352942,0.8823529411764706,0.6999999999999998
1728,18.0,0.7452777777777775,0.7083333333333334,0.8888888888888888,0.6555555555555554
1729,24.0,0.7868750000000001,0.84375,0.9166666666666666,0.6583333333333331
1730,18.0,0.6649999999999997,0.6111111111111112,0.7222222222222222,0.6444444444444444
1731,18.0,0.7080555555555553,0.6805555555555556,0.7777777777777778,0.6777777777777776
1732,18.0,0.7455555555555556,0.8333333333333334,0.8333333333333334,0.5888888888888889
1733,18.0,0.7288888888888887,0.6944444444444444,0.8888888888888888,0.6333333333333332
1734,18.0,0.5761111111111111,0.5277777777777778,0.5555555555555556,0.5555555555555556
1735,18.0,0.5205555555555557,0.4444444444444444,0.3888888888888889,0.6
1736,18.0,0.7247222222222219,0.6805555555555556,0.8888888888888888,0.6333333333333332
1737,18.0,0.7122222222222221,0.6944444444444444,0.8888888888888888,0.5666666666666667
1738,24.0,0.7393749999999998,0.71875,0.9166666666666666,0.6083333333333333
1739,18.0,0.7108333333333332,0.7361111111111112,0.7222222222222222,0.611111111111111
1740,18.0,0.7733333333333333,0.8333333333333334,0.8888888888888888,0.6444444444444444
1741,18.0,0.7277777777777775,0.6944444444444444,0.8333333333333334,0.6444444444444444
1742,16.0,0.7524999999999998,0.71875,0.9375,0.6499999999999999
1743,17.0,0.7399999999999999,0.6617647058823529,1.0,0.6058823529411764
1744,18.0,0.7427777777777776,0.7222222222222222,0.9444444444444444,0.5999999999999999
1745,18.0,0.42055555555555546,0.3333333333333333,0.16666666666666666,0.5555555555555556
1746,17.0,0.7708823529411762,0.7647058823529411,1.0,0.6058823529411764
1747,16.0,0.580625,0.53125,0.5625,0.5624999999999999
1748,18.0,0.7288888888888887,0.6944444444444444,0.8888888888888888,0.6333333333333333
1749,18.0,0.7488888888888889,0.75,0.9444444444444444,0.5777777777777777
1750,18.0,0.6663888888888887,0.625,0.7777777777777778,0.5777777777777778
1751,15.0,0.7766666666666665,0.75,1.0,0.6466666666666666
1752,18.0,0.7608333333333329,0.7083333333333334,0.9444444444444444,0.6888888888888887
1753,17.0,0.6752941176470588,0.6323529411764706,0.7647058823529411,0.6176470588235293
1754,18.0,0.46638888888888874,0.3472222222222222,0.2777777777777778,0.6111111111111112
1755,24.0,0.8014583333333333,0.8645833333333334,0.9583333333333334,0.6499999999999998
1756,15.0,0.4333333333333333,0.25,0.26666666666666666,0.6066666666666667
1757,14.0,0.5792857142857143,0.5,0.5,0.6571428571428571
1758,18.0,0.723333333333333,0.6944444444444444,0.8888888888888888,0.6111111111111109
1759,18.0,0.6844444444444442,0.5833333333333334,0.7777777777777778,0.6999999999999997
1760,18.0,0.4122222222222221,0.3333333333333333,0.16666666666666666,0.5222222222222223
1761,18.0,0.7636111111111108,0.7083333333333334,0.9444444444444444,0.6999999999999997
1762,17.0,0.7194117647058823,0.6911764705882353,0.8823529411764706,0.6058823529411764
1763,18.0,0.8275000000000001,0.9583333333333334,0.9444444444444444,0.6555555555555554
1764,16.0,0.525,0.40625,0.4375,0.6000000000000001
1765,18.0,0.7316666666666668,0.7222222222222222,0.9444444444444444,0.5555555555555556
1766,15.0,0.6973333333333334,0.75,0.6666666666666666,0.6466666666666666
1767,35.0,0.627142857142857,0.5785714285714286,0.6571428571428571,0.5971428571428569
1768,18.0,0.6802777777777778,0.625,0.8333333333333334,0.5777777777777777
1769,18.0,0.6663888888888887,0.4861111111111111,0.9444444444444444,0.5777777777777777
1770,17.0,0.7149999999999999,0.7058823529411765,0.8823529411764706,0.5705882352941176
1771,29.0,0.7541379310344827,0.7327586206896551,0.9655172413793104,0.6034482758620688
1772,31.0,0.7399999999999998,0.7983870967741935,0.8387096774193549,0.6032258064516127
1773,18.0,0.6399999999999998,0.5833333333333334,0.6666666666666666,0.6333333333333332
1774,14.0,0.6982142857142858,0.7678571428571429,0.6428571428571429,0.6
1775,18.0,0.6288888888888888,0.75,0.5,0.5555555555555555
1776,14.0,0.7242857142857143,0.7857142857142857,0.7857142857142857,0.5571428571428572
1777,18.0,0.7927777777777778,0.8888888888888888,0.9444444444444444,0.6000000000000001
1778,18.0,0.6416666666666667,0.7777777777777778,0.4444444444444444,0.5888888888888888
1779,18.0,0.5705555555555555,0.4444444444444444,0.4444444444444444,0.611111111111111
1780,30.0,0.8366666666666666,0.9666666666666667,1.0,0.6266666666666665
1781,18.0,0.7141666666666666,0.7638888888888888,0.8333333333333334,0.5333333333333334
1782,18.0,0.7802777777777776,0.9027777777777778,0.8888888888888888,0.5888888888888888
1783,18.0,0.5605555555555555,0.3333333333333333,0.6666666666666666,0.5888888888888888
1784,36.0,0.5838888888888888,0.3472222222222222,0.8333333333333334,0.5055555555555555
1785,18.0,0.6077777777777779,0.5833333333333334,0.5555555555555556,0.5888888888888888
1786,19.0,0.7992105263157896,0.9210526315789473,0.8947368421052632,0.6368421052631577
1787,18.0,0.4952777777777778,0.3472222222222222,0.3888888888888889,0.5222222222222223
1788,18.0,0.6066666666666666,0.5833333333333334,0.6666666666666666,0.5
1789,15.0,0.7283333333333334,0.8,0.7333333333333333,0.66
1790,17.0,0.58,0.5147058823529411,0.5294117647058824,0.5
1791,18.0,0.5377777777777778,0.4166666666666667,0.4444444444444444,0.6333333333333333
1792,18.0,0.5733333333333335,0.5555555555555556,0.4444444444444444,0.6222222222222222
1793,17.0,0.6944117647058823,0.7058823529411765,0.7058823529411765,0.5941176470588235
1794,18.0,0.6475,0.625,0.6666666666666666,0.5999999999999999
1795,21.0,0.7126190476190474,0.6904761904761905,0.8571428571428571,0.6047619047619046
1796,18.0,0.6641666666666667,0.625,0.6666666666666666,0.6666666666666665
1797,18.0,0.7872222222222222,1.0,0.8333333333333334,0.5555555555555556
1798,18.0,0.5469444444444445,0.4861111111111111,0.5,0.5444444444444445
1799,18.0,0.7016666666666667,0.6111111111111112,0.9444444444444444,0.5555555555555556
1800,18.0,0.7086111111111112,0.7361111111111112,0.7222222222222222,0.6555555555555554
1801,18.0,0.6299999999999999,0.5555555555555556,0.6666666666666666,0.6
1802,18.0,0.4694444444444444,0.3888888888888889,0.2777777777777778,0.5333333333333334
1803,18.0,0.5286111111111109,0.3472222222222222,0.5,0.6111111111111112
1804,18.0,0.7274999999999999,0.7361111111111112,0.9444444444444444,0.5222222222222224
1805,18.0,0.5052777777777777,0.4305555555555556,0.3333333333333333,0.5444444444444445
1806,18.0,0.8086111111111111,0.9583333333333334,0.9444444444444444,0.5666666666666667
1807,18.0,0.4118518518518518,0.1388888888888889,0.3333333333333333,0.5666666666666668
1808,18.0,0.6113888888888889,0.625,0.5555555555555556,0.5666666666666667
1809,18.0,0.7558333333333334,0.875,0.8333333333333334,0.5666666666666667
1810,18.0,0.698888888888889,0.7777777777777778,0.6666666666666666,0.5555555555555556
1811,18.0,0.815,1.0,0.9444444444444444,0.5555555555555556
1812,18.0,0.5294444444444444,0.4166666666666667,0.4444444444444444,0.5999999999999999
1813,18.0,0.6247222222222223,0.5694444444444444,0.6666666666666666,0.5222222222222223
1814,18.0,0.7392592592592593,0.7222222222222222,0.9444444444444444,0.5888888888888889
1815,18.0,0.6927777777777777,0.6388888888888888,0.7222222222222222,0.6555555555555554
1816,13.0,0.7553846153846154,0.8269230769230769,0.8461538461538461,0.6230769230769232
1817,36.0,0.6979166666666664,0.5763888888888888,0.9166666666666666,0.6166666666666664
1818,18.0,0.74,0.75,0.8888888888888888,0.611111111111111
1819,20.0,0.6187499999999998,0.4125,0.9,0.52
1820,17.0,0.6811764705882353,0.6323529411764706,0.8235294117647058,0.5823529411764705
1821,22.0,0.57,0.4772727272727273,0.5454545454545454,0.5909090909090908
1822,16.0,0.5731250000000001,0.5,0.4375,0.575
1823,15.0,0.7683333333333333,0.8333333333333334,0.9333333333333333,0.58
1824,18.0,0.74,0.7222222222222222,1.0,0.5333333333333334
1825,17.0,0.7076470588235295,0.7205882352941176,0.8823529411764706,0.5235294117647059
1826,36.0,0.6777777777777777,0.4444444444444444,0.9722222222222222,0.6388888888888886
1827,18.0,0.6527777777777778,0.5555555555555556,0.8333333333333334,0.5111111111111111
1828,18.0,0.6566666666666665,0.4722222222222222,0.9444444444444444,0.5555555555555556
1829,18.0,0.49555555555555547,0.3333333333333333,0.3333333333333333,0.6888888888888887
1830,16.0,0.6515624999999999,0.640625,0.625,0.5625
1831,18.0,0.3377777777777778,0.1111111111111111,0.05555555555555555,0.5888888888888889
1832,36.0,0.46861111111111114,0.3472222222222222,0.3611111111111111,0.5166666666666666
1833,18.0,0.6008333333333334,0.5138888888888888,0.5555555555555556,0.6444444444444444
1834,17.0,0.6647058823529411,0.7205882352941176,0.5882352941176471,0.6176470588235293
1835,23.0,0.777391304347826,0.8586956521739131,0.9130434782608695,0.5956521739130434
1836,31.0,0.7222580645161288,0.6532258064516129,1.0,0.5451612903225805
1837,18.0,0.7024999999999999,0.6527777777777778,0.8888888888888888,0.5777777777777777
1838,51.0,0.8381960784313724,0.9852941176470589,1.0,0.6137254901960781
1839,19.0,0.61,0.5657894736842105,0.5789473684210527,0.5842105263157894
1840,18.0,0.7174999999999998,0.6805555555555556,0.8888888888888888,0.5777777777777777
1841,36.0,0.731388888888889,0.9027777777777778,0.7222222222222222,0.561111111111111
1842,19.0,0.8084210526315789,0.9342105263157895,1.0,0.5526315789473685
1843,16.0,0.5953125,0.359375,0.8125,0.5625
1844,34.0,0.6166176470588234,0.5220588235294118,0.7058823529411765,0.5529411764705883
1845,24.0,0.7472916666666665,0.8229166666666666,0.8333333333333334,0.6083333333333331
1846,18.0,0.6588888888888887,0.5555555555555556,0.7777777777777778,0.5777777777777777
1847,20.0,0.70125,0.7625,0.75,0.5799999999999998
1848,26.0,0.6851923076923073,0.5288461538461539,1.0,0.5461538461538461
1849,18.0,0.7047222222222222,0.9583333333333334,0.4444444444444444,0.5444444444444445
1850,21.0,0.5130952380952382,0.5238095238095238,0.2857142857142857,0.5666666666666667
1851,18.0,0.6288888888888888,0.75,0.4444444444444444,0.5444444444444445
1852,18.0,0.6830555555555554,0.6805555555555556,0.7777777777777778,0.5777777777777777
1853,18.0,0.6405555555555554,0.4722222222222222,0.6666666666666666,0.6888888888888887
1854,24.0,0.84,0.9791666666666666,1.0,0.6249999999999999
1855,29.0,0.757126436781609,0.8879310344827587,0.8275862068965517,0.5689655172413791
1856,28.0,0.8364285714285712,0.9642857142857143,0.9642857142857143,0.6642857142857139
1857,25.0,0.8270000000000001,1.0,1.0,0.5479999999999999
1858,18.0,0.6858333333333333,0.625,0.8888888888888888,0.5444444444444444
1859,14.0,0.7632142857142857,0.7678571428571429,1.0,0.5714285714285714
1860,17.0,0.6573529411764706,0.7352941176470589,0.5294117647058824,0.6294117647058822
1861,17.0,0.6891176470588235,0.6764705882352942,0.7647058823529411,0.6058823529411764
1862,18.0,0.6419444444444447,0.5416666666666666,0.6666666666666666,0.6111111111111112
1863,18.0,0.7450000000000001,0.8333333333333334,0.7777777777777778,0.5888888888888889
1864,18.0,0.7258333333333331,0.7638888888888888,0.8333333333333334,0.5666666666666667
1865,18.0,0.4872222222222222,0.3333333333333333,0.3333333333333333,0.5888888888888889
1866,18.0,0.6291666666666667,0.625,0.6111111111111112,0.5555555555555556
1867,10.0,0.441,0.35,0.1,0.66
1868,18.0,0.6966666666666665,0.7222222222222222,0.7777777777777778,0.5555555555555556
1869,18.0,0.6727777777777777,0.6111111111111112,0.7777777777777778,0.5666666666666667
1870,27.0,0.8066666666666663,0.8796296296296297,1.0,0.6111111111111109
1871,18.0,0.6863888888888888,0.7638888888888888,0.6666666666666666,0.5888888888888889
1872,24.0,0.7493750000000001,0.7395833333333334,1.0,0.5499999999999999
1873,36.0,0.7302777777777775,0.7222222222222222,0.9166666666666666,0.5777777777777776
1874,46.0,0.728586956521739,0.6793478260869565,1.0,0.5391304347826086
1875,12.0,0.5483333333333332,0.3333333333333333,0.6666666666666666,0.5666666666666668
1876,16.0,0.57125,0.5,0.5,0.6249999999999999
1877,22.0,0.7354545454545455,0.6818181818181818,1.0,0.5636363636363636
1878,33.0,0.8559090909090904,1.0,1.0,0.6636363636363632
1879,32.0,0.8126562500000002,0.9765625,1.0,0.51875
1880,35.0,0.8278571428571428,0.9857142857142858,1.0,0.5685714285714284
1881,14.0,0.4907142857142857,0.5,0.21428571428571427,0.5714285714285714
1882,15.0,0.5723333333333331,0.5,0.4666666666666667,0.6466666666666666
1883,17.0,0.7802941176470588,0.9117647058823529,0.8235294117647058,0.6294117647058823
1884,18.0,0.8038888888888889,1.0,0.8333333333333334,0.6222222222222222
1885,18.0,0.7508333333333331,0.875,0.8333333333333334,0.5333333333333334
1886,18.0,0.7016666666666667,0.6944444444444444,0.8333333333333334,0.5666666666666667
1887,17.0,0.6764705882352942,0.6617647058823529,0.7058823529411765,0.6176470588235294
1888,18.0,0.6136111111111111,0.4861111111111111,0.7222222222222222,0.5888888888888889
1889,17.0,0.7020588235294118,0.6764705882352942,0.8235294117647058,0.5705882352941176
1890,17.0,0.46117647058823524,0.22058823529411764,0.35294117647058826,0.6529411764705881
1891,18.0,0.7113888888888887,0.5972222222222222,0.9444444444444444,0.6111111111111112
1892,17.0,0.6797058823529414,0.6176470588235294,0.8823529411764706,0.5352941176470588
1893,19.0,0.7044736842105263,0.5263157894736842,1.0,0.626315789473684
1894,17.0,0.5108823529411766,0.3235294117647059,0.4117647058823529,0.5705882352941177
1895,30.0,0.7211666666666665,0.6083333333333333,0.9666666666666667,0.6199999999999998
1896,18.0,0.6975000000000001,0.7083333333333334,0.8333333333333334,0.5333333333333334
1897,27.0,0.7612962962962961,0.7407407407407407,1.0,0.5962962962962962
1898,18.0,0.8030555555555554,0.9305555555555556,0.9444444444444444,0.5777777777777777
1899,14.0,0.6389285714285713,0.48214285714285715,0.7857142857142857,0.6142857142857142
1900,18.0,0.7697222222222222,0.7916666666666666,0.8888888888888888,0.6666666666666665
1901,16.0,0.584375,0.59375,0.4375,0.6125
1902,17.0,0.6047058823529412,0.4852941176470588,0.7647058823529411,0.5117647058823529
1903,18.0,0.6750000000000002,0.7222222222222222,0.6666666666666666,0.5666666666666667
1904,18.0,0.5769444444444444,0.4861111111111111,0.4444444444444444,0.6
1905,18.0,0.6952777777777778,0.7638888888888888,0.7222222222222222,0.5555555555555556
1906,16.0,0.7037499999999999,0.6875,0.8125,0.5875
1907,26.0,0.7698076923076921,0.7596153846153846,1.0,0.6076923076923075
1908,29.0,0.6520689655172414,0.4051724137931034,1.0,0.5620689655172413
1909,27.0,0.7585185185185181,0.75,1.0,0.574074074074074
1910,17.0,0.6535294117647057,0.6029411764705882,0.5294117647058824,0.688235294117647
1911,18.0,0.7452777777777775,0.7083333333333334,0.8888888888888888,0.6555555555555554
1912,18.0,0.5333333333333334,0.4722222222222222,0.2777777777777778,0.6222222222222222
1913,23.0,0.7769565217391303,0.8152173913043478,0.9130434782608695,0.6565217391304347
1914,18.0,0.6116666666666667,0.5277777777777778,0.6666666666666666,0.5333333333333333
1915,36.0,0.6872222222222217,0.6805555555555556,0.6666666666666666,0.6388888888888886
1916,25.0,0.6442,0.48,0.84,0.5719999999999998
1917,18.0,0.5219444444444444,0.20833333333333334,0.7222222222222222,0.5555555555555556
1918,36.0,0.7093055555555552,0.6597222222222222,0.7777777777777778,0.6611111111111108
1919,18.0,0.6811111111111112,0.6388888888888888,0.7222222222222222,0.6222222222222222
1920,17.0,0.6155882352941177,0.6176470588235294,0.47058823529411764,0.6058823529411764
1921,18.0,0.6625,0.625,0.7222222222222222,0.5777777777777778
1922,18.0,0.7083333333333335,0.75,0.7222222222222222,0.611111111111111
1923,16.0,0.6696875,0.640625,0.75,0.6
1924,18.0,0.6416666666666665,0.5277777777777778,0.6666666666666666,0.6666666666666665
1925,18.0,0.6975000000000001,0.7638888888888888,0.7777777777777778,0.5222222222222223
1926,18.0,0.5150000000000001,0.3888888888888889,0.5,0.5333333333333333
1927,18.0,0.6683333333333334,0.6111111111111112,0.6666666666666666,0.6333333333333332
1928,18.0,0.5633333333333332,0.4444444444444444,0.5,0.6333333333333333
1929,18.0,0.5524999999999999,0.4583333333333333,0.5,0.6
1930,16.0,0.6587499999999998,0.5,0.875,0.6000000000000001
1931,18.0,0.8052777777777779,0.9305555555555556,0.9444444444444444,0.5999999999999999
1932,18.0,0.6400000000000001,0.6388888888888888,0.6111111111111112,0.6222222222222222
1933,18.0,0.6486111111111109,0.6527777777777778,0.6666666666666666,0.5444444444444444
1934,18.0,0.6669444444444446,0.6527777777777778,0.7222222222222222,0.5888888888888889
1935,18.0,0.7080555555555555,0.7916666666666666,0.7777777777777778,0.5444444444444444
1936,18.0,0.48027777777777764,0.3194444444444444,0.3888888888888889,0.5222222222222223
1937,16.0,0.4821875,0.421875,0.3125,0.55
1938,18.0,0.6361111111111112,0.6111111111111112,0.6666666666666666,0.5444444444444445
1939,18.0,0.5891666666666667,0.5138888888888888,0.6111111111111112,0.5555555555555556
1940,18.0,0.5261111111111111,0.3611111111111111,0.5,0.611111111111111
1941,18.0,0.5011111111111111,0.4722222222222222,0.2777777777777778,0.6
1942,18.0,0.6747222222222222,0.5138888888888888,0.9444444444444444,0.5777777777777777
1943,16.0,0.7790625000000001,0.859375,0.875,0.6499999999999999
1944,18.0,0.6747222222222222,0.5972222222222222,0.8888888888888888,0.5333333333333334
1945,13.0,0.5399999999999999,0.4807692307692308,0.38461538461538464,0.6384615384615385
1946,17.0,0.6708823529411765,0.6470588235294118,0.7647058823529411,0.5823529411764706
1947,18.0,0.5358333333333333,0.4583333333333333,0.5,0.5333333333333333
1948,15.0,0.583,0.5,0.5333333333333333,0.6066666666666667
1949,18.0,0.4527777777777778,0.16666666666666666,0.3333333333333333,0.6111111111111109
1950,17.0,0.6373529411764707,0.5294117647058824,0.7058823529411765,0.6058823529411764
1951,18.0,0.7213888888888887,0.7083333333333334,0.7777777777777778,0.6444444444444444
1952,18.0,0.7227777777777775,0.6944444444444444,0.7777777777777778,0.6666666666666665
1953,18.0,0.7283333333333332,0.6944444444444444,0.7777777777777778,0.6888888888888887
1954,18.0,0.7163888888888887,0.6805555555555556,0.7222222222222222,0.6999999999999997
1955,18.0,0.7036111111111111,0.6805555555555556,0.7222222222222222,0.6888888888888887
1956,17.0,0.5702941176470588,0.4117647058823529,0.47058823529411764,0.6294117647058823
1957,15.0,0.7699999999999999,0.85,0.8666666666666667,0.6333333333333333
1958,17.0,0.5952941176470586,0.5147058823529411,0.5882352941176471,0.5588235294117646
1959,18.0,0.6836111111111111,0.7083333333333334,0.7222222222222222,0.5888888888888889
1960,13.0,0.5496153846153846,0.46153846153846156,0.5384615384615384,0.5461538461538462
1961,16.0,0.6568750000000002,0.59375,0.75,0.575
1962,10.0,0.588,0.6,0.4,0.6
1963,15.0,0.6163333333333334,0.6,0.6666666666666666,0.48666666666666664
1964,16.0,0.521875,0.4375,0.4375,0.55
1965,17.0,0.5038235294117647,0.4117647058823529,0.35294117647058826,0.5941176470588235
1966,17.0,0.5267647058823528,0.47058823529411764,0.35294117647058826,0.6294117647058822
1967,17.0,0.5823529411764705,0.4852941176470588,0.5294117647058824,0.6294117647058823
1968,18.0,0.7497222222222222,0.875,0.8888888888888888,0.5
1969,16.0,0.5806250000000001,0.625,0.4375,0.575
1970,17.0,0.7538235294117647,0.7941176470588235,0.8235294117647058,0.664705882352941
1971,18.0,0.43444444444444436,0.25,0.2777777777777778,0.5999999999999999
1972,8.0,0.44125,0.3125,0.125,0.675
1973,16.0,0.5928125,0.546875,0.625,0.5
1974,17.0,0.5770588235294118,0.5147058823529411,0.47058823529411764,0.6176470588235293
1975,16.0,0.7009374999999999,0.609375,0.9375,0.575
1976,18.0,0.3694444444444445,0.2222222222222222,0.16666666666666666,0.4444444444444444
1977,18.0,0.5997222222222223,0.625,0.5,0.5888888888888888
1978,16.0,0.7781250000000001,0.9375,0.8125,0.6
1979,17.0,0.6579411764705884,0.7352941176470589,0.5294117647058824,0.6176470588235293
1980,16.0,0.5959374999999999,0.546875,0.5625,0.575
1981,18.0,0.6252777777777778,0.5416666666666666,0.6111111111111112,0.6
1982,18.0,0.6983333333333335,0.8055555555555556,0.6111111111111112,0.6555555555555554
1983,16.0,0.7321875,0.796875,0.8125,0.6
1984,18.0,0.6233333333333333,0.5555555555555556,0.6666666666666666,0.6
1985,15.0,0.5589999999999999,0.6333333333333333,0.26666666666666666,0.6333333333333333
1986,16.0,0.42125,0.3125,0.1875,0.5625
1987,17.0,0.7064705882352942,0.8382352941176471,0.5882352941176471,0.6294117647058822
1988,18.0,0.5974999999999999,0.4583333333333333,0.6666666666666666,0.6
1989,17.0,0.5708823529411764,0.5294117647058824,0.47058823529411764,0.6176470588235293
1990,16.0,0.6606249999999999,0.6875,0.5625,0.6499999999999999
1991,17.0,0.7588235294117647,0.8382352941176471,0.8235294117647058,0.6176470588235294
1992,18.0,0.5902777777777778,0.4583333333333333,0.6111111111111112,0.5999999999999999
1993,16.0,0.7900000000000001,1.0,0.75,0.6499999999999999
1994,17.0,0.4985294117647058,0.38235294117647056,0.47058823529411764,0.4764705882352941
1995,17.0,0.6773529411764706,0.7941176470588235,0.5882352941176471,0.5941176470588235
1996,16.0,0.5428124999999999,0.515625,0.4375,0.525
1997,17.0,0.6958823529411764,0.7794117647058824,0.7058823529411765,0.5823529411764705
1998,18.0,0.6355555555555557,0.6944444444444444,0.5,0.6222222222222222
1999,17.0,0.6297058823529412,0.7058823529411765,0.5294117647058824,0.5823529411764705
2000,16.0,0.5765625,0.484375,0.5,0.6499999999999999
2001,15.0,0.535,0.43333333333333335,0.4666666666666667,0.5933333333333333
2002,17.0,0.5911764705882352,0.5441176470588235,0.5294117647058824,0.5941176470588235
2003,16.0,0.6934375,0.828125,0.625,0.55
2004,15.0,0.6446000000000001,0.6666666666666666,0.6666666666666666,0.5533333333333332
2005,16.0,0.5118749999999999,0.0,0.875,0.6124999999999999
2006,16.0,0.46968750000000004,0.546875,0.1875,0.475
2007,17.0,0.6726470588235296,0.6764705882352942,0.6470588235294118,0.6294117647058822
2008,18.0,0.6238888888888889,0.5833333333333334,0.6666666666666666,0.5555555555555556
2009,17.0,0.626764705882353,0.5882352941176471,0.6470588235294118,0.5941176470588236
2010,16.0,0.6815625,0.671875,0.75,0.55
2011,16.0,0.6325,0.59375,0.5625,0.6499999999999999
2012,18.0,0.5905555555555556,0.5555555555555556,0.5555555555555556,0.5
2013,17.0,0.7123529411764704,0.7205882352941176,0.8235294117647058,0.5588235294117647
2014,18.0,0.5211111111111111,0.3888888888888889,0.4444444444444444,0.5999999999999999
2015,17.0,0.8091176470588237,1.0,0.8235294117647058,0.6529411764705881
2016,18.0,0.3288888888888889,0.05555555555555555,0.1111111111111111,0.5777777777777778
2017,16.0,0.595625,0.53125,0.5,0.625
2018,15.0,0.6206666666666667,0.7166666666666667,0.4,0.6466666666666666
2019,16.0,0.6375,0.5625,0.5625,0.6624999999999999
2020,18.0,0.6444444444444444,0.6111111111111112,0.6666666666666666,0.5777777777777777
2021,15.0,0.6756666666666666,0.6,0.8,0.6066666666666667
2022,15.0,0.5466666666666666,0.48333333333333334,0.4666666666666667,0.5800000000000001
2023,17.0,0.5561764705882353,0.5,0.5294117647058824,0.5352941176470588
2024,17.0,0.6055882352941175,0.5294117647058824,0.5294117647058824,0.6411764705882352
2025,13.0,0.47307692307692306,0.4423076923076923,0.15384615384615385,0.5923076923076923
2026,14.0,0.5828571428571429,0.5,0.5714285714285714,0.6000000000000002
2027,16.0,0.7115625000000001,0.765625,0.8125,0.525
2028,18.0,0.69,0.6666666666666666,0.8333333333333334,0.5666666666666667
2029,15.0,0.668,0.65,0.7333333333333333,0.5666666666666667
2030,18.0,0.8038888888888889,0.9166666666666666,0.8888888888888888,0.6666666666666665
2031,5.0,0.66,0.65,0.6,0.7
2032,17.0,0.6011764705882352,0.5441176470588235,0.5882352941176471,0.5470588235294117
2033,34.0,0.7872058823529411,0.9779411764705882,0.7941176470588235,0.5999999999999999
2034,32.0,0.5378125,0.3125,0.53125,0.6249999999999999
2035,18.0,0.5072222222222221,0.4722222222222222,0.3333333333333333,0.5555555555555558
2036,17.0,0.5797058823529411,0.5882352941176471,0.35294117647058826,0.6294117647058822
2037,15.0,0.6906666666666668,0.7833333333333333,0.6,0.6466666666666666
2038,14.0,0.7764285714285715,0.7857142857142857,0.9285714285714286,0.6571428571428571
2039,17.0,0.6561764705882351,0.5,0.8823529411764706,0.5823529411764705
2040,18.0,0.6066666666666665,0.5,0.6666666666666666,0.6000000000000001
2041,18.0,0.59,0.4722222222222222,0.7222222222222222,0.5111111111111111
2042,17.0,0.5061764705882352,0.3235294117647059,0.47058823529411764,0.6058823529411765
2043,17.0,0.6302941176470588,0.7058823529411765,0.47058823529411764,0.6294117647058823
2044,16.0,0.5215624999999998,0.390625,0.375,0.6375
2045,16.0,0.7171875000000001,0.828125,0.75,0.55
2046,30.0,0.6441666666666666,0.49166666666666664,0.8333333333333334,0.5933333333333332
2047,16.0,0.45499999999999996,0.1875,0.3125,0.5874999999999999
2048,17.0,0.4870588235294116,0.25,0.47058823529411764,0.6176470588235293
2049,17.0,0.76,0.9264705882352942,0.7647058823529411,0.5470588235294118
2050,18.0,0.5630555555555556,0.4583333333333333,0.5,0.5888888888888888
2051,16.0,0.6728124999999999,0.796875,0.5,0.6749999999999998
2052,16.0,0.6442500000000001,0.6875,0.5,0.5875
2053,15.0,0.6066666666666667,0.55,0.6,0.6066666666666667
2054,18.0,0.5733333333333333,0.5,0.5555555555555556,0.5777777777777777
2055,17.0,0.6029411764705882,0.39705882352941174,0.7647058823529411,0.5823529411764706
2056,18.0,0.7594444444444446,0.8055555555555556,0.9444444444444444,0.5666666666666667
2057,18.0,0.8127777777777777,1.0,0.9444444444444444,0.5333333333333333
2058,15.0,0.5716666666666667,0.5666666666666667,0.5333333333333333,0.5133333333333333
2059,15.0,0.8216666666666667,0.9666666666666667,1.0,0.5666666666666667
2060,17.0,0.6252941176470588,0.7205882352941176,0.47058823529411764,0.6058823529411764
2061,17.0,0.4717647058823529,0.39705882352941174,0.17647058823529413,0.6176470588235294
2062,16.0,0.559375,0.5,0.3125,0.6
2063,16.0,0.6224999999999999,0.53125,0.625,0.6375
2064,18.0,0.6211111111111111,0.6666666666666666,0.4444444444444444,0.6000000000000001
2065,16.0,0.4596875,0.328125,0.3125,0.5125
2066,15.0,0.6453333333333334,0.65,0.6666666666666666,0.5266666666666667
2067,17.0,0.47941176470588226,0.3088235294117647,0.35294117647058826,0.6058823529411764
2068,17.0,0.6855882352941175,0.7058823529411765,0.7647058823529411,0.5705882352941176
2069,15.0,0.5156666666666666,0.5,0.3333333333333333,0.5533333333333333
2070,17.0,0.6555882352941176,0.8529411764705882,0.4117647058823529,0.5705882352941176
2071,18.0,0.7511111111111111,0.8888888888888888,0.7777777777777778,0.6
2072,14.0,0.5735714285714285,0.4642857142857143,0.5,0.6428571428571429
2073,33.0,0.6127272727272725,0.5681818181818182,0.6363636363636364,0.5727272727272726
2074,18.0,0.5619444444444446,0.6527777777777778,0.2777777777777778,0.6000000000000001
2075,17.0,0.5194117647058822,0.4264705882352941,0.4117647058823529,0.5941176470588235
2076,18.0,0.6455555555555554,0.5,0.8888888888888888,0.5333333333333333
2077,18.0,0.713888888888889,0.7777777777777778,0.7222222222222222,0.6
2078,17.0,0.6302941176470588,0.47058823529411764,0.7647058823529411,0.6176470588235294
2079,14.0,0.5485714285714286,0.6071428571428571,0.2857142857142857,0.5857142857142857
2080,18.0,0.5736111111111111,0.4583333333333333,0.5555555555555556,0.5888888888888889
2081,14.0,0.6710714285714285,0.625,0.7857142857142857,0.5714285714285714
2082,18.0,0.5144444444444444,0.4166666666666667,0.2777777777777778,0.6666666666666665
2083,16.0,0.8234375,0.953125,0.9375,0.6375
2084,17.0,0.6488235294117646,0.4852941176470588,0.8235294117647058,0.6294117647058822
2085,15.0,0.5616666666666668,0.6,0.5333333333333333,0.4333333333333333
2086,15.0,0.5733333333333331,0.4166666666666667,0.6,0.6333333333333333
2087,16.0,0.5540625,0.515625,0.375,0.6624999999999999
2088,18.0,0.5694444444444445,0.5555555555555556,0.5,0.5111111111111111
2089,18.0,0.5708333333333333,0.625,0.4444444444444444,0.48888888888888893
2090,16.0,0.72875,0.71875,0.8125,0.6499999999999999
2091,18.0,0.5997222222222223,0.6527777777777778,0.5,0.5555555555555556
2092,14.0,0.48428571428571426,0.39285714285714285,0.2857142857142857,0.5857142857142857
2093,16.0,0.5249999999999999,0.375,0.5,0.575
2094,17.0,0.6852941176470589,0.6029411764705882,0.8823529411764706,0.5470588235294118
2095,15.0,0.47,0.31666666666666665,0.4,0.5399999999999999
2096,16.0,0.7118749999999999,0.84375,0.625,0.6499999999999999
2097,17.0,0.4361764705882352,0.35294117647058826,0.17647058823529413,0.5705882352941175
2098,15.0,0.607,0.5333333333333333,0.5333333333333333,0.6466666666666666
2099,16.0,0.5962500000000001,0.5625,0.5,0.6499999999999999
2100,17.0,0.683235294117647,0.7352941176470589,0.6470588235294118,0.6294117647058823
2101,16.0,0.45156249999999987,0.296875,0.25,0.625
2102,16.0,0.43999999999999995,0.28125,0.25,0.6124999999999999
2103,15.0,0.8056666666666669,0.9333333333333333,0.8666666666666667,0.6599999999999999
2104,18.0,0.6580555555555556,0.625,0.7222222222222222,0.5999999999999999
2105,17.0,0.4997058823529412,0.4117647058823529,0.35294117647058826,0.5352941176470589
2106,16.0,0.6265625,0.515625,0.6875,0.625
2107,33.0,0.7060606060606058,0.7196969696969697,0.7272727272727273,0.615151515151515
2108,17.0,0.7411764705882353,0.8970588235294118,0.7058823529411765,0.5941176470588235
2109,17.0,0.7429411764705882,0.8382352941176471,0.8235294117647058,0.5823529411764706
2110,18.0,0.6744444444444445,0.6388888888888888,0.7222222222222222,0.6222222222222222
2111,27.0,0.6859259259259256,0.8425925925925926,0.5555555555555556,0.5814814814814813
2112,16.0,0.6165624999999999,0.609375,0.6875,0.4875
2113,18.0,0.6955555555555555,0.6666666666666666,0.8333333333333334,0.5888888888888888
2114,26.0,0.769807692307692,0.7788461538461539,1.0,0.5846153846153845
2115,18.0,0.6344444444444445,0.6111111111111112,0.6666666666666666,0.5777777777777777
2116,15.0,0.6026666666666666,0.55,0.5333333333333333,0.5933333333333334
2117,18.0,0.3886111111111111,0.09722222222222222,0.2222222222222222,0.5888888888888888
2118,10.0,0.7950000000000002,0.9,0.9,0.64
2119,17.0,0.7023529411764705,0.75,0.8235294117647058,0.5117647058823529
2120,22.0,0.8047727272727272,0.9431818181818182,0.9090909090909091,0.6181818181818179
2121,16.0,0.5771875,0.515625,0.4375,0.6624999999999999
2122,34.0,0.7216176470588234,0.7867647058823529,0.7941176470588235,0.588235294117647
2123,17.0,0.5750000000000001,0.5,0.5294117647058824,0.5823529411764705
2124,17.0,0.6705882352941176,0.6029411764705882,0.8235294117647058,0.5470588235294118
2125,17.0,0.5652941176470588,0.5441176470588235,0.47058823529411764,0.5352941176470588
2126,16.0,0.6718750000000001,0.78125,0.625,0.55
2127,14.0,0.8400000000000001,1.0,0.9285714285714286,0.6714285714285715
2128,17.0,0.6235294117647059,0.6323529411764706,0.5294117647058824,0.6176470588235293
2129,17.0,0.49058823529411766,0.27941176470588236,0.47058823529411764,0.5823529411764705
2130,16.0,0.5525,0.5,0.5,0.55
2131,17.0,0.5644117647058823,0.4411764705882353,0.5294117647058824,0.5823529411764705
2132,18.0,0.7969444444444443,0.9027777777777778,0.9444444444444444,0.5999999999999999
2133,18.0,0.5730555555555554,0.4583333333333333,0.6111111111111112,0.5444444444444444
2134,13.0,0.5388461538461538,0.38461538461538464,0.5384615384615384,0.576923076923077
2135,17.0,0.6802941176470588,0.5294117647058824,0.9411764705882353,0.5705882352941176
2136,13.0,0.5880769230769232,0.5384615384615384,0.6153846153846154,0.5307692307692308
2137,17.0,0.59,0.6029411764705882,0.5294117647058824,0.5470588235294117
2138,14.0,0.3853571428571429,0.26785714285714285,0.14285714285714285,0.5
2139,17.0,0.6102941176470588,0.38235294117647056,0.8235294117647058,0.5705882352941176
2140,16.0,0.6068749999999999,0.6875,0.4375,0.575
2141,14.0,0.62,0.5,0.6428571428571429,0.6428571428571429
2142,16.0,0.6215625,0.671875,0.5625,0.5125
2143,15.0,0.6606666666666665,0.6166666666666667,0.7333333333333333,0.5933333333333334
2144,17.0,0.6308823529411763,0.6470588235294118,0.5882352941176471,0.5705882352941176
2145,16.0,0.80875,1.0,0.9375,0.5375000000000001
2146,17.0,0.6223529411764704,0.5441176470588235,0.7058823529411765,0.5705882352941177
2147,17.0,0.6288235294117647,0.5441176470588235,0.7058823529411765,0.5823529411764705
2148,17.0,0.7473529411764706,0.7647058823529411,0.8823529411764706,0.6294117647058822
2149,18.0,0.5180555555555556,0.4027777777777778,0.3888888888888889,0.6
2150,17.0,0.5626470588235295,0.5,0.4117647058823529,0.5941176470588234
2151,15.0,0.6716666666666667,0.6666666666666666,0.8,0.5266666666666666
2152,18.0,0.668888888888889,0.6666666666666666,0.7222222222222222,0.5666666666666667
2153,18.0,0.6258333333333334,0.7083333333333334,0.5555555555555556,0.5111111111111111
2154,18.0,0.648611111111111,0.5972222222222222,0.6111111111111112,0.6666666666666665
2155,14.0,0.5328571428571428,0.39285714285714285,0.5714285714285714,0.5285714285714286
2156,9.0,0.7733333333333334,0.9166666666666666,0.7777777777777778,0.6555555555555556
2157,16.0,0.6187499999999999,0.5625,0.5625,0.6624999999999999
2158,16.0,0.6321874999999999,0.484375,0.75,0.6375
2159,20.0,0.6584999999999999,0.675,0.6,0.58
2160,15.0,0.5883333333333333,0.6,0.4666666666666667,0.6066666666666667
2161,15.0,0.685,0.6666666666666666,0.8,0.5800000000000001
2162,15.0,0.675,0.5666666666666667,0.8666666666666667,0.5933333333333335
2163,18.0,0.6402777777777778,0.5416666666666666,0.7777777777777778,0.5333333333333333
2164,17.0,0.6183333333333333,0.7352941176470589,0.35294117647058826,0.5823529411764705
2165,15.0,0.5186666666666667,0.4166666666666667,0.4,0.48666666666666664
2166,17.0,0.6255882352941177,0.4411764705882353,0.7647058823529411,0.6058823529411763
2167,15.0,0.5466666666666666,0.45,0.4666666666666667,0.6199999999999999
2168,16.0,0.620625,0.5625,0.625,0.5625
2169,16.0,0.7399999999999999,0.75,0.9375,0.5625
2170,16.0,0.6140625,0.484375,0.75,0.55
2171,17.0,0.4620588235294117,0.35294117647058826,0.29411764705882354,0.5705882352941176
2172,17.0,0.7047058823529412,0.6911764705882353,0.8823529411764706,0.5470588235294118
2173,18.0,0.6147222222222221,0.5416666666666666,0.5,0.6555555555555554
2174,18.0,0.5016666666666665,0.2777777777777778,0.5,0.6000000000000001
2175,16.0,0.5321874999999999,0.421875,0.5625,0.5
2176,18.0,0.3066666666666666,0.05555555555555555,0.05555555555555555,0.5444444444444445
2177,17.0,0.5017647058823529,0.3088235294117647,0.5882352941176471,0.488235294117647
2178,18.0,0.6138888888888889,0.4444444444444444,0.7777777777777778,0.5444444444444445
2179,15.0,0.4716666666666667,0.3333333333333333,0.3333333333333333,0.5133333333333333
2180,16.0,0.761875,0.75,0.9375,0.6499999999999999
2181,33.0,0.8089393939393937,0.9393939393939394,0.9696969696969697,0.5787878787878786
2182,18.0,0.543611111111111,0.3472222222222222,0.5,0.6444444444444443
2183,14.0,0.6582142857142858,0.6964285714285714,0.5714285714285714,0.6142857142857142
2184,18.0,0.6569444444444444,0.7083333333333334,0.6111111111111112,0.5666666666666667
2185,17.0,0.5970588235294116,0.5441176470588235,0.5882352941176471,0.5588235294117647
2186,17.0,0.6347058823529411,0.5735294117647058,0.6470588235294118,0.6294117647058823
2187,12.0,0.6708333333333333,0.5,0.8333333333333334,0.65
2188,17.0,0.6120588235294119,0.7058823529411765,0.4117647058823529,0.6294117647058823
2189,14.0,0.6460714285714285,0.625,0.6428571428571429,0.6142857142857144
2190,14.0,0.4396428571428571,0.26785714285714285,0.21428571428571427,0.6285714285714287
2191,15.0,0.5750000000000001,0.4666666666666667,0.6,0.58
2192,14.0,0.5435714285714285,0.39285714285714285,0.5714285714285714,0.5714285714285714
2193,17.0,0.7223529411764706,0.8088235294117647,0.7647058823529411,0.5941176470588235
2194,17.0,0.7105882352941175,0.6911764705882353,0.8235294117647058,0.6294117647058823
2195,36.0,0.6916666666666662,0.6111111111111112,0.8333333333333334,0.5999999999999999
2196,27.0,0.6981481481481479,0.6203703703703703,0.9259259259259259,0.5444444444444443
2197,29.0,0.7641379310344824,0.8189655172413793,0.896551724137931,0.6172413793103445
2198,18.0,0.5502777777777779,0.5138888888888888,0.3888888888888889,0.6222222222222221
2199,24.0,0.5695833333333332,0.7083333333333334,0.25,0.6083333333333332
2200,18.0,0.6575000000000001,0.7083333333333334,0.5,0.6666666666666665
2201,17.0,0.583235294117647,0.5588235294117647,0.5294117647058824,0.5588235294117646
2202,16.0,0.586875,0.5625,0.5,0.6124999999999999
2203,17.0,0.6117647058823529,0.5441176470588235,0.6470588235294118,0.5588235294117647
2204,18.0,0.6677777777777778,0.75,0.6666666666666666,0.5444444444444445
2205,15.0,0.779,0.9333333333333333,0.8666666666666667,0.5533333333333333
2206,16.0,0.7174999999999997,0.6875,0.75,0.6749999999999998
2207,18.0,0.7063888888888888,0.6527777777777778,0.8888888888888888,0.5666666666666667
2208,22.0,0.7615909090909089,0.7386363636363636,0.9545454545454546,0.6454545454545453
2209,18.0,0.8052777777777779,0.9027777777777778,1.0,0.5777777777777778
2210,16.0,0.7771875,0.890625,0.875,0.575
2211,18.0,0.6427777777777779,0.5277777777777778,0.8333333333333334,0.5444444444444444
2212,18.0,0.7377777777777779,0.6666666666666666,0.9444444444444444,0.6333333333333332
2213,18.0,0.5772222222222223,0.6666666666666666,0.2777777777777778,0.6444444444444444
2214,24.0,0.7816666666666666,0.8541666666666666,0.9583333333333334,0.5833333333333333
2215,15.0,0.814,0.95,0.9333333333333333,0.6066666666666667
2216,22.0,0.7165909090909092,0.7386363636363636,0.8636363636363636,0.5454545454545454
2217,15.0,0.5999999999999999,0.55,0.6,0.58
2218,16.0,0.5046875,0.265625,0.5625,0.5625
2219,17.0,0.6788235294117646,0.6323529411764706,0.7647058823529411,0.6176470588235294
2220,18.0,0.6427777777777778,0.5833333333333334,0.7222222222222222,0.5888888888888888
2221,15.0,0.5949999999999999,0.4,0.7333333333333333,0.6066666666666668
2222,30.0,0.7749999999999999,0.8333333333333334,0.9666666666666667,0.5733333333333334
2223,15.0,0.6196666666666667,0.6,0.5333333333333333,0.5533333333333333
2224,34.0,0.7217647058823529,0.75,0.7941176470588235,0.6117647058823528
2225,21.0,0.7421428571428572,0.7857142857142857,0.8571428571428571,0.5857142857142856
2226,25.0,0.7110000000000001,0.7,0.88,0.564
2227,17.0,0.5941176470588235,0.5735294117647058,0.5882352941176471,0.5117647058823529
2228,18.0,0.6080555555555558,0.5416666666666666,0.6666666666666666,0.5555555555555556
2229,18.0,0.6986111111111112,0.9027777777777778,0.5555555555555556,0.5555555555555556
2230,16.0,0.7234375,0.765625,0.75,0.6499999999999999
2231,17.0,0.5694117647058823,0.5147058823529411,0.5882352941176471,0.511764705882353
2232,16.0,0.45562499999999984,0.125,0.5625,0.55
2233,29.0,0.7129310344827584,0.7758620689655172,0.7241379310344828,0.6034482758620688
2234,19.0,0.7860526315789472,0.8157894736842105,1.0,0.6052631578947367
2235,19.0,0.7768421052631578,0.7763157894736842,1.0,0.6157894736842104
2236,13.0,0.7069230769230769,0.6730769230769231,0.7692307692307693,0.6538461538461539
2237,26.0,0.7813461538461534,0.7596153846153846,1.0,0.6538461538461535
2238,18.0,0.7788888888888889,0.8055555555555556,0.9444444444444444,0.6444444444444444
2239,18.0,0.7594444444444443,0.75,1.0,0.5777777777777778
2240,16.0,0.7618750000000001,0.78125,0.9375,0.6125
2241,19.0,0.7571052631578947,0.7894736842105263,0.9473684210526315,0.5736842105263158
2242,26.0,0.7736538461538458,0.7596153846153846,1.0,0.6230769230769229
2243,18.0,0.7147222222222221,0.6805555555555556,0.7777777777777778,0.6777777777777776
2244,16.0,0.6790624999999999,0.515625,0.875,0.6624999999999999
2245,18.0,0.7344444444444441,0.6666666666666666,0.8888888888888888,0.6888888888888887
2246,33.0,0.6649999999999997,0.6212121212121212,0.696969696969697,0.6575757575757574
2247,33.0,0.6036363636363635,0.5378787878787878,0.5757575757575758,0.6333333333333331
2248,16.0,0.6790625000000001,0.703125,0.75,0.5625
2249,45.0,0.7461111111111108,0.6777777777777778,1.0,0.6111111111111108
2250,17.0,0.5988235294117645,0.4852941176470588,0.5882352941176471,0.6647058823529411
2251,15.0,0.705,0.5,1.0,0.66
2252,18.0,0.69,0.5,1.0,0.6
2253,18.0,0.7455555555555554,0.7222222222222222,0.9444444444444444,0.611111111111111
2254,20.0,0.7379999999999998,0.7,0.9,0.6399999999999999
2255,17.0,0.776470588235294,0.9264705882352942,0.8823529411764706,0.5235294117647059
2256,19.0,0.795,0.8947368421052632,0.8947368421052632,0.6263157894736842
2257,16.0,0.8462500000000001,0.96875,1.0,0.6624999999999999
2258,146.0,0.6697945205479461,0.5787671232876712,0.7465753424657534,0.6534246575342478
2259,5.0,0.682,0.65,0.8,0.54
2260,16.0,0.474375,0.375,0.25,0.6375
2261,18.0,0.7872222222222218,0.75,1.0,0.6888888888888887
2262,18.0,0.6858333333333333,0.4861111111111111,0.9444444444444444,0.6555555555555554
2263,18.0,0.6844444444444443,0.5,1.0,0.5777777777777777
2264,18.0,0.7266666666666667,0.75,0.8888888888888888,0.5444444444444445
2265,34.0,0.6914705882352938,0.6911764705882353,0.7647058823529411,0.5764705882352941
2266,18.0,0.7399999999999999,0.8055555555555556,0.8333333333333334,0.6
2267,16.0,0.74,0.8125,0.8125,0.6125
2268,17.0,0.795,0.9117647058823529,0.9411764705882353,0.5705882352941176
2269,19.0,0.7623684210526316,0.7631578947368421,1.0,0.5736842105263157
2270,17.0,0.6455882352941177,0.5588235294117647,0.5882352941176471,0.664705882352941
2271,16.0,0.40562500000000007,0.21875,0.25,0.55
2272,16.0,0.63375,0.5625,0.625,0.6749999999999998
2273,17.0,0.6385294117647057,0.5294117647058824,0.7058823529411765,0.6529411764705881
2274,18.0,0.7622222222222222,0.8055555555555556,0.9444444444444444,0.5777777777777777
2275,18.0,0.7233333333333332,0.6944444444444444,0.8888888888888888,0.611111111111111
2276,17.0,0.42235294117647054,0.25,0.29411764705882354,0.5352941176470589
2277,34.0,0.5920588235294119,0.5294117647058824,0.5588235294117647,0.5999999999999999
2278,35.0,0.6828571428571425,0.4928571428571429,0.9714285714285714,0.6085714285714284
2279,18.0,0.6775,0.4861111111111111,0.9444444444444444,0.6222222222222221
2280,17.0,0.6708823529411764,0.6470588235294118,0.7058823529411765,0.6411764705882352
2281,15.0,0.6333333333333332,0.5166666666666667,0.6666666666666666,0.6866666666666666
2282,16.0,0.8025,0.875,1.0,0.6
2283,15.0,0.6566666666666666,0.48333333333333334,0.8666666666666667,0.6199999999999999
2284,17.0,0.716470588235294,0.6617647058823529,0.8235294117647058,0.688235294117647
2285,18.0,0.7333333333333334,0.7777777777777778,0.8333333333333334,0.5666666666666667
2286,16.0,0.4165625,0.234375,0.25,0.575
2287,18.0,0.7427777777777776,0.75,0.8888888888888888,0.6222222222222221
2288,18.0,0.626111111111111,0.5,0.6666666666666666,0.6777777777777776
2289,16.0,0.67125,0.6875,0.6875,0.5375
2290,16.0,0.7806249999999998,0.75,1.0,0.6624999999999999
2291,15.0,0.7306666666666667,0.7166666666666667,0.9333333333333333,0.5533333333333333
2292,15.0,0.6783333333333331,0.4666666666666667,0.9333333333333333,0.6599999999999999
2293,17.0,0.4855882352941177,0.38235294117647056,0.35294117647058826,0.5705882352941177
2294,17.0,0.7429411764705882,0.7205882352941176,0.9411764705882353,0.6058823529411765
2295,17.0,0.6723529411764705,0.5735294117647058,0.7647058823529411,0.676470588235294
2296,18.0,0.6122222222222221,0.5555555555555556,0.6111111111111112,0.6111111111111112
2297,18.0,0.8594444444444446,1.0,1.0,0.6777777777777776
2298,14.0,0.6060714285714285,0.44642857142857145,0.7142857142857143,0.6142857142857144
2299,14.0,0.7828571428571427,0.75,1.0,0.6714285714285715
2300,18.0,0.7413888888888888,0.7083333333333334,0.9444444444444444,0.611111111111111
2301,17.0,0.6105882352941175,0.5735294117647058,0.6470588235294118,0.5470588235294117
2302,18.0,0.7433333333333333,0.75,0.9444444444444444,0.5555555555555556
2303,18.0,0.6872222222222221,0.5,0.9444444444444444,0.6444444444444444
2304,18.0,0.8377777777777778,1.0,0.9444444444444444,0.6333333333333333
2305,17.0,0.6988235294117646,0.6617647058823529,0.8235294117647058,0.6176470588235293
2306,17.0,0.476764705882353,0.3235294117647059,0.35294117647058826,0.6058823529411764
2307,17.0,0.6797058823529412,0.6764705882352942,0.7647058823529411,0.5823529411764705
2308,22.0,0.7699999999999997,0.75,0.9545454545454546,0.6545454545454543
2309,16.0,0.761875,0.75,1.0,0.5875
2310,17.0,0.6444117647058824,0.5588235294117647,0.7058823529411765,0.6411764705882352
2311,17.0,0.6694117647058823,0.6029411764705882,0.7647058823529411,0.6294117647058822
2312,18.0,0.6302777777777777,0.4583333333333333,0.7777777777777778,0.6333333333333333
2313,18.0,0.7149999999999999,0.6666666666666666,0.8333333333333334,0.6666666666666665
2314,18.0,0.4808333333333333,0.3194444444444444,0.3888888888888889,0.5777777777777777
2315,16.0,0.6993749999999997,0.65625,0.8125,0.6374999999999998
2316,17.0,0.5458823529411765,0.5147058823529411,0.4117647058823529,0.5941176470588235
2317,17.0,0.7458823529411763,0.75,0.9411764705882353,0.5823529411764706
2318,18.0,0.6844444444444443,0.5,1.0,0.5777777777777777
2319,16.0,0.7509374999999999,0.796875,0.9375,0.55
2320,17.0,0.45264705882352946,0.17647058823529413,0.17647058823529413,0.6647058823529411
2321,17.0,0.7426470588235294,0.7941176470588235,0.8823529411764706,0.5470588235294118
2322,17.0,0.8105882352941176,0.9558823529411765,0.9411764705882353,0.5941176470588235
2323,17.0,0.7238235294117645,0.5294117647058824,1.0,0.6999999999999998
2324,17.0,0.7488235294117646,0.7205882352941176,0.9411764705882353,0.6294117647058823
2325,17.0,0.8061764705882352,0.8823529411764706,1.0,0.6058823529411765
2326,18.0,0.7261111111111112,0.8055555555555556,0.7777777777777778,0.6
2327,17.0,0.7605882352941177,0.75,0.9411764705882353,0.6411764705882352
2328,17.0,0.641470588235294,0.47058823529411764,0.8235294117647058,0.6176470588235294
2329,15.0,0.6466666666666665,0.55,0.7333333333333333,0.6333333333333332
2330,16.0,0.780625,0.84375,1.0,0.55
2331,15.0,0.7356666666666667,0.7666666666666667,0.8666666666666667,0.58
2332,17.0,0.688529411764706,0.6764705882352942,0.7647058823529411,0.6176470588235294
2333,15.0,0.7933333333333333,0.85,1.0,0.5933333333333334
2334,17.0,0.7341176470588233,0.6029411764705882,1.0,0.6529411764705881
2335,24.0,0.7320833333333331,0.7083333333333334,0.9166666666666666,0.5916666666666666
2336,39.0,0.7848717948717944,0.7756410256410257,1.0,0.6487179487179484
2337,18.0,0.5844444444444445,0.5,0.5555555555555556,0.6222222222222221
2338,18.0,0.7163888888888889,0.7083333333333334,0.8333333333333334,0.6222222222222221
2339,15.0,0.5733333333333334,0.55,0.5333333333333333,0.5400000000000001
2340,18.0,0.8469444444444445,0.9861111111111112,1.0,0.6444444444444444
2341,18.0,0.7622222222222222,0.75,1.0,0.588888888888889
2342,18.0,0.5372222222222222,0.4166666666666667,0.5,0.5888888888888888
2343,16.0,0.6134374999999999,0.484375,0.625,0.6874999999999999
2344,17.0,0.6617647058823529,0.6029411764705882,0.7058823529411765,0.6294117647058823
2345,17.0,0.6635294117647058,0.6029411764705882,0.7058823529411765,0.6647058823529411
2346,14.0,0.7757142857142857,0.75,1.0,0.6428571428571429
2347,17.0,0.5238235294117647,0.29411764705882354,0.4117647058823529,0.6294117647058823
2348,16.0,0.6946874999999999,0.515625,0.9375,0.6625
2349,35.0,0.7299999999999996,0.7214285714285714,0.8,0.694285714285714
2350,17.0,0.48264705882352943,0.35294117647058826,0.35294117647058826,0.5941176470588234
2351,17.0,0.8017647058823529,0.9264705882352942,1.0,0.5352941176470588
2352,18.0,0.6622222222222222,0.6388888888888888,0.7222222222222222,0.6
2353,18.0,0.537222222222222,0.4722222222222222,0.4444444444444444,0.5777777777777777
2354,17.0,0.7458823529411763,0.7205882352941176,0.9411764705882353,0.6176470588235294
2355,16.0,0.6040625,0.484375,0.6875,0.5875
2356,17.0,0.7517647058823527,0.7205882352941176,0.9411764705882353,0.6411764705882352
2357,17.0,0.7332352941176469,0.7058823529411765,0.8823529411764706,0.6294117647058823
2358,16.0,0.6962499999999999,0.6875,0.8125,0.5875
2359,18.0,0.43305555555555547,0.20833333333333334,0.3333333333333333,0.5888888888888889
2360,18.0,0.7427777777777776,0.6111111111111112,1.0,0.6777777777777776
2361,27.0,0.8038888888888889,0.8148148148148148,1.0,0.6777777777777774
2362,18.0,0.6719444444444442,0.4861111111111111,0.9444444444444444,0.6000000000000001
2363,17.0,0.6752941176470587,0.7205882352941176,0.7058823529411765,0.5705882352941176
2364,17.0,0.5170588235294115,0.3382352941176471,0.4117647058823529,0.676470588235294
2365,16.0,0.6759375,0.609375,0.8125,0.6
2366,18.0,0.5858333333333333,0.5416666666666666,0.5,0.6333333333333333
2367,16.0,0.780625,0.84375,1.0,0.5499999999999999
2368,17.0,0.791764705882353,0.8970588235294118,0.8235294117647058,0.664705882352941
2369,17.0,0.7723529411764705,0.75,1.0,0.6294117647058823
2370,18.0,0.6497222222222222,0.4583333333333333,0.8333333333333334,0.6555555555555554
2371,18.0,0.6330555555555554,0.5416666666666666,0.6666666666666666,0.6555555555555554
2372,17.0,0.7282352941176469,0.6911764705882353,0.8823529411764706,0.6411764705882352
2373,17.0,0.6267647058823528,0.5588235294117647,0.6470588235294118,0.6294117647058823
2374,17.0,0.7547058823529411,0.7794117647058824,1.0,0.5235294117647059
2375,17.0,0.6920588235294116,0.6176470588235294,0.8235294117647058,0.6294117647058822
2376,17.0,0.5458823529411764,0.4852941176470588,0.47058823529411764,0.5705882352941176
2377,25.0,0.7129999999999996,0.66,0.88,0.6199999999999999
2378,17.0,0.4311764705882352,0.22058823529411764,0.23529411764705882,0.664705882352941
2379,18.0,0.7372222222222221,0.75,0.8888888888888888,0.6
2380,18.0,0.6358333333333331,0.5972222222222222,0.6666666666666666,0.6
2381,18.0,0.7222222222222221,0.7222222222222222,0.8333333333333334,0.5888888888888888
2382,16.0,0.7415624999999998,0.609375,1.0,0.6749999999999998
2383,18.0,0.7777777777777778,0.8333333333333334,0.8333333333333334,0.6777777777777776
2384,26.0,0.7107692307692304,0.6538461538461539,0.8461538461538461,0.6153846153846152
2385,18.0,0.6788888888888888,0.5,0.9444444444444444,0.611111111111111
2386,16.0,0.6290625,0.578125,0.6875,0.575
2387,18.0,0.7372222222222219,0.6666666666666666,0.8888888888888888,0.6999999999999997
2388,18.0,0.45944444444444443,0.2777777777777778,0.3333333333333333,0.6111111111111109
2389,17.0,0.6841176470588234,0.6323529411764706,0.7647058823529411,0.6529411764705881
2390,17.0,0.7944117647058822,0.8823529411764706,1.0,0.5588235294117647
2391,16.0,0.64625,0.5625,0.6875,0.6625
2392,17.0,0.6370588235294118,0.5735294117647058,0.6470588235294118,0.6529411764705881
2393,18.0,0.7594444444444443,0.75,0.9444444444444444,0.6333333333333332
2394,16.0,0.549375,0.5,0.5625,0.475
2395,17.0,0.7591176470588235,0.7647058823529411,0.9411764705882353,0.6176470588235294
2396,18.0,0.7055555555555553,0.6666666666666666,0.8333333333333334,0.5888888888888888
2397,17.0,0.7164705882352939,0.6617647058823529,0.8823529411764706,0.6294117647058823
2398,17.0,0.7370588235294117,0.5735294117647058,1.0,0.6999999999999998
2399,18.0,0.4844444444444444,0.3333333333333333,0.3888888888888889,0.5888888888888888
2400,18.0,0.5900000000000002,0.5277777777777778,0.6111111111111112,0.5555555555555555
2401,18.0,0.6316666666666664,0.5,0.6666666666666666,0.6999999999999997
2402,14.0,0.5364285714285714,0.39285714285714285,0.5,0.6142857142857142
2403,17.0,0.7076470588235292,0.6617647058823529,0.8235294117647058,0.6529411764705881
2404,18.0,0.7538888888888887,0.6388888888888888,1.0,0.6888888888888887
2405,16.0,0.7696874999999999,0.796875,1.0,0.5625
2406,18.0,0.49,0.3888888888888889,0.3333333333333333,0.6
2407,17.0,0.6605882352941177,0.45588235294117646,0.9411764705882353,0.5941176470588234
2408,26.0,0.6899999999999997,0.5,0.9615384615384616,0.6384615384615382
2409,18.0,0.6927777777777776,0.6388888888888888,0.7777777777777778,0.6666666666666665
2410,15.0,0.7283333333333333,0.5666666666666667,1.0,0.6733333333333332
2411,17.0,0.6841176470588234,0.6029411764705882,0.7647058823529411,0.688235294117647
2412,17.0,0.7097058823529412,0.7058823529411765,0.8235294117647058,0.5941176470588234
2413,19.0,0.7715789473684208,0.75,1.0,0.6263157894736842
2414,18.0,0.6233333333333331,0.5,0.6666666666666666,0.6666666666666665
2415,27.0,0.7344444444444441,0.6203703703703703,1.0,0.6333333333333331
2416,9.0,0.635,0.5,0.6666666666666666,0.6333333333333333
2417,17.0,0.4338235294117646,0.23529411764705882,0.23529411764705882,0.6294117647058822
2418,18.0,0.6955555555555555,0.6666666666666666,0.7777777777777778,0.6444444444444444
2419,16.0,0.6415624999999998,0.515625,0.6875,0.6999999999999998
2420,16.0,0.7375,0.75,0.9375,0.5375
2421,18.0,0.6761111111111109,0.6388888888888888,0.7222222222222222,0.6555555555555554
2422,16.0,0.730625,0.6875,0.875,0.6625
2423,18.0,0.7858333333333332,0.7916666666666666,0.9444444444444444,0.6888888888888887
2424,17.0,0.6194117647058822,0.45588235294117646,0.7647058823529411,0.6058823529411764
2425,18.0,0.7566666666666664,0.7222222222222222,0.9444444444444444,0.6555555555555554
2426,18.0,0.7344444444444442,0.7222222222222222,0.9444444444444444,0.5666666666666667
2427,17.0,0.7102941176470586,0.6176470588235294,0.8823529411764706,0.6294117647058822
2428,7.0,0.5328571428571428,0.4642857142857143,0.42857142857142855,0.5857142857142856
2429,23.0,0.7480434782608694,0.717391304347826,0.9565217391304348,0.6043478260869564
2430,18.0,0.7316666666666667,0.7222222222222222,0.9444444444444444,0.5555555555555556
2431,17.0,0.758235294117647,0.75,0.9411764705882353,0.6176470588235294
2432,16.0,0.6978125,0.671875,0.8125,0.6124999999999999
2433,18.0,0.6266666666666666,0.5833333333333334,0.6111111111111112,0.6222222222222222
2434,16.0,0.5506249999999999,0.4375,0.4375,0.6499999999999999
2435,18.0,0.4594444444444443,0.3611111111111111,0.2222222222222222,0.6222222222222222
2436,13.0,0.4592307692307692,0.36538461538461536,0.23076923076923078,0.6076923076923078
2437,21.0,0.7733333333333332,0.7976190476190477,1.0,0.5761904761904761
2438,17.0,0.8017647058823529,0.8088235294117647,1.0,0.6764705882352939
2439,36.0,0.7295833333333328,0.6875,0.8888888888888888,0.6444444444444442
2440,18.0,0.760833333333333,0.7083333333333334,0.9444444444444444,0.6888888888888887
2441,33.0,0.801363636363636,0.8484848484848485,1.0,0.627272727272727
2442,17.0,0.6517647058823529,0.6029411764705882,0.7058823529411765,0.6176470588235294
2443,18.0,0.7261111111111108,0.6666666666666666,0.8888888888888888,0.6555555555555554
2444,13.0,0.58,0.4423076923076923,0.5384615384615384,0.6538461538461539
2445,18.0,0.7663888888888889,0.7638888888888888,1.0,0.5888888888888889
2446,18.0,0.7205555555555553,0.6666666666666666,0.8888888888888888,0.6333333333333332
2447,18.0,0.6094444444444443,0.5555555555555556,0.6111111111111112,0.6
2448,18.0,0.5872222222222222,0.4722222222222222,0.6111111111111112,0.611111111111111
2449,17.0,0.7017647058823527,0.6617647058823529,0.8235294117647058,0.6294117647058822
2450,16.0,0.48218749999999994,0.421875,0.3125,0.55
2451,18.0,0.7155555555555555,0.6388888888888888,0.9444444444444444,0.5777777777777777
2452,17.0,0.565,0.5,0.5882352941176471,0.5117647058823529
2453,26.0,0.7361538461538459,0.6346153846153846,1.0,0.6230769230769229
2454,18.0,0.7844444444444444,0.8333333333333334,1.0,0.5777777777777777
2455,18.0,0.7455555555555554,0.7222222222222222,0.9444444444444444,0.611111111111111
2456,18.0,0.7919444444444445,0.9305555555555556,0.9444444444444444,0.5333333333333334
2457,18.0,0.7177777777777775,0.6666666666666666,0.8888888888888888,0.6222222222222221
2458,18.0,0.6175,0.5416666666666666,0.6111111111111112,0.6222222222222222
2459,10.0,0.6545,0.525,0.7,0.68
2460,15.0,0.6533333333333334,0.6166666666666667,0.6666666666666666,0.6466666666666666
2461,24.0,0.8274999999999997,0.8958333333333334,1.0,0.6749999999999998
2462,17.0,0.738235294117647,0.7794117647058824,0.8235294117647058,0.6058823529411765
2463,34.0,0.7517647058823523,0.75,0.9411764705882353,0.6058823529411762
2464,17.0,0.7723529411764705,0.75,1.0,0.6294117647058823
2465,17.0,0.746470588235294,0.75,0.9411764705882353,0.5705882352941176
2466,18.0,0.6844444444444443,0.6388888888888888,0.7777777777777778,0.6333333333333333
2467,33.0,0.6839393939393936,0.6136363636363636,0.8484848484848485,0.5909090909090908
2468,16.0,0.7906250000000001,0.875,0.875,0.6624999999999999
2469,17.0,0.7488235294117647,0.7205882352941176,0.9411764705882353,0.6294117647058822
2470,21.0,0.722142857142857,0.5952380952380952,0.9523809523809523,0.6619047619047617
2471,18.0,0.7558333333333335,0.7916666666666666,0.9444444444444444,0.5555555555555555
2472,17.0,0.6847058823529409,0.6029411764705882,0.7647058823529411,0.6764705882352939
2473,16.0,0.6868749999999999,0.625,0.75,0.6874999999999999
2474,15.0,0.6786666666666666,0.55,0.8,0.6466666666666666
2475,15.0,0.7733333333333332,0.75,1.0,0.6333333333333333
2476,17.0,0.5576470588235294,0.5441176470588235,0.4117647058823529,0.6058823529411765
2477,15.0,0.7783333333333332,0.8333333333333334,1.0,0.5533333333333333
2478,36.0,0.705972222222222,0.6319444444444444,0.8888888888888888,0.6166666666666664
2479,18.0,0.6677777777777778,0.6666666666666666,0.7777777777777778,0.5333333333333334
2480,18.0,0.6433333333333333,0.6388888888888888,0.6111111111111112,0.6222222222222222
2481,18.0,0.6341666666666667,0.4583333333333333,0.8333333333333334,0.5666666666666667
2482,15.0,0.6549999999999999,0.4666666666666667,0.8666666666666667,0.6333333333333333
2483,17.0,0.6214705882352941,0.5588235294117647,0.5882352941176471,0.6529411764705881
2484,28.0,0.7185714285714283,0.625,0.9285714285714286,0.6357142857142855
2485,18.0,0.7830555555555555,0.7916666666666666,1.0,0.6222222222222221
2486,35.0,0.7421428571428565,0.7285714285714285,0.9714285714285714,0.5628571428571427
2487,18.0,0.4908333333333334,0.3472222222222222,0.2777777777777778,0.6555555555555554
2488,18.0,0.6108333333333333,0.625,0.6111111111111112,0.5222222222222223
2489,18.0,0.8094444444444445,1.0,0.8333333333333334,0.6444444444444444
2490,17.0,0.7473529411764704,0.6470588235294118,1.0,0.6529411764705881
2491,17.0,0.6929411764705883,0.5441176470588235,0.9411764705882353,0.6176470588235293
2492,18.0,0.7752777777777777,0.8194444444444444,0.9444444444444444,0.6000000000000001
2493,18.0,0.5855555555555554,0.5,0.5,0.6555555555555554
2494,17.0,0.6458823529411764,0.6029411764705882,0.7058823529411765,0.5941176470588235
2495,16.0,0.7399999999999998,0.65625,1.0,0.6125
2496,18.0,0.737222222222222,0.6944444444444444,0.9444444444444444,0.611111111111111
2497,18.0,0.7794444444444444,0.8055555555555556,0.9444444444444444,0.6333333333333333
2498,17.0,0.8141176470588235,0.9264705882352942,0.9411764705882353,0.6294117647058823
2499,15.0,0.77,0.8166666666666667,1.0,0.5400000000000001
2500,18.0,0.710833333333333,0.625,0.8333333333333334,0.6999999999999997
2501,18.0,0.5427777777777778,0.4722222222222222,0.4444444444444444,0.6
2502,16.0,0.7665625,0.765625,1.0,0.5875
2503,31.0,0.754354838709677,0.7258064516129032,0.9032258064516129,0.6677419354838706
2504,15.0,0.5856666666666667,0.4,0.6666666666666666,0.6199999999999999
2505,16.0,0.7546874999999997,0.671875,0.9375,0.6999999999999998
2506,18.0,0.7566666666666665,0.7222222222222222,0.9444444444444444,0.6555555555555554
2507,31.0,0.6770967741935481,0.6209677419354839,0.7419354838709677,0.6612903225806448
2508,15.0,0.656,0.55,0.6666666666666666,0.6733333333333333
2509,17.0,0.6752941176470586,0.4852941176470588,0.9411764705882353,0.6176470588235293
2510,17.0,0.6488235294117647,0.4852941176470588,0.8823529411764706,0.5705882352941176
2511,17.0,0.7876470588235293,0.8088235294117647,0.9411764705882353,0.664705882352941
2512,17.0,0.7420588235294117,0.7941176470588235,0.9411764705882353,0.5
2513,17.0,0.6670588235294116,0.4852941176470588,0.9411764705882353,0.5705882352941176
2514,18.0,0.6858333333333332,0.625,0.8333333333333334,0.6000000000000001
2515,25.0,0.7319999999999998,0.63,1.0,0.6119999999999998
2516,18.0,0.3808333333333332,0.20833333333333334,0.16666666666666666,0.5333333333333333
2517,18.0,0.5,0.4166666666666667,0.2777777777777778,0.6222222222222222
2518,36.0,0.6927777777777774,0.5555555555555556,0.9722222222222222,0.5722222222222221
2519,18.0,0.6511111111111112,0.6388888888888888,0.6666666666666666,0.611111111111111
2520,31.0,0.7964516129032259,0.9435483870967742,0.9354838709677419,0.5580645161290322
2521,21.0,0.7366666666666666,0.7261904761904762,0.8571428571428571,0.6238095238095236
2522,17.0,0.6061764705882353,0.5588235294117647,0.5882352941176471,0.6058823529411764
2523,18.0,0.7149999999999999,0.6666666666666666,0.8333333333333334,0.6666666666666665
2524,18.0,0.7177777777777777,0.6111111111111112,1.0,0.5777777777777777
2525,18.0,0.6441666666666666,0.4583333333333333,0.8333333333333334,0.6333333333333333
2526,18.0,0.8024999999999999,0.875,1.0,0.5999999999999999
2527,17.0,0.6738235294117647,0.6470588235294118,0.7058823529411765,0.6529411764705881
2528,16.0,0.7209374999999999,0.671875,0.875,0.6124999999999999
2529,18.0,0.6275,0.6527777777777778,0.6111111111111112,0.5555555555555556
2530,18.0,0.5441666666666666,0.4583333333333333,0.3888888888888889,0.6777777777777776
2531,18.0,0.7455555555555555,0.7777777777777778,0.9444444444444444,0.5444444444444445
2532,16.0,0.6656249999999999,0.53125,0.8125,0.6374999999999998
2533,30.0,0.7990999999999998,0.8583333333333333,1.0,0.6066666666666666
2534,16.0,0.49687500000000007,0.28125,0.3125,0.6874999999999999
2535,18.0,0.7483333333333332,0.7222222222222222,0.9444444444444444,0.6222222222222222
2536,18.0,0.6719444444444443,0.4861111111111111,0.9444444444444444,0.5999999999999999
2537,18.0,0.8205555555555555,0.8888888888888888,1.0,0.6555555555555554
2538,16.0,0.7012499999999999,0.65625,0.8125,0.6
2539,36.0,0.679583333333333,0.6319444444444444,0.8055555555555556,0.5944444444444442
2540,17.0,0.7002941176470587,0.6764705882352942,0.8235294117647058,0.6058823529411764
2541,17.0,0.7517647058823529,0.75,1.0,0.5470588235294118
2542,17.0,0.6941176470588234,0.6323529411764706,0.7647058823529411,0.664705882352941
2543,17.0,0.6699999999999998,0.4852941176470588,0.9411764705882353,0.5823529411764705
2544,16.0,0.7515625,0.765625,0.9375,0.575
2545,15.0,0.6009999999999999,0.5,0.5333333333333333,0.6466666666666666
2546,15.0,0.7579999999999999,0.7833333333333333,0.8666666666666667,0.6333333333333332
2547,17.0,0.7517647058823529,0.6911764705882353,1.0,0.6176470588235293
2548,18.0,0.7663888888888889,0.8194444444444444,0.9444444444444444,0.5777777777777777
2549,18.0,0.7558333333333332,0.7916666666666666,0.9444444444444444,0.5555555555555556
2550,16.0,0.786875,0.90625,0.9375,0.5625
2551,16.0,0.690625,0.53125,0.9375,0.6124999999999999
2552,15.0,0.6676666666666669,0.6,0.7333333333333333,0.5933333333333333
2553,3.0,0.8483333333333335,1.0,1.0,0.6333333333333333
2554,3.0,0.8483333333333335,1.0,1.0,0.6333333333333333
2555,3.0,0.765,0.6666666666666666,1.0,0.6999999999999998
2556,3.0,0.7733333333333334,0.75,1.0,0.6333333333333333
2557,3.0,0.7733333333333333,0.75,1.0,0.6333333333333333
2558,3.0,0.7066666666666667,0.5833333333333334,1.0,0.5666666666666667
2559,5.0,0.865,1.0,1.0,0.7
2560,3.0,0.7483333333333334,0.6666666666666666,1.0,0.6333333333333333
2561,3.0,0.665,0.5,1.0,0.5
2562,6.0,0.6483333333333333,0.3333333333333333,1.0,0.6333333333333333
2563,6.0,0.7358333333333333,0.7083333333333334,1.0,0.5333333333333333
2564,4.0,0.82125,0.9375,1.0,0.6
2565,5.0,0.7100000000000001,0.65,1.0,0.5
2566,6.0,0.4841666666666667,0.2916666666666667,0.3333333333333333,0.5333333333333333
2567,6.0,0.6275000000000001,0.4583333333333333,0.8333333333333334,0.5666666666666668
2568,6.0,0.6900000000000001,0.5,1.0,0.6
2569,5.0,0.74,0.65,1.0,0.6199999999999999
2570,5.0,0.69,0.65,0.8,0.6199999999999999
2571,6.0,0.715,0.6666666666666666,0.8333333333333334,0.6666666666666666
2572,4.0,0.69,0.625,0.75,0.7
2573,8.0,0.665,0.5,0.875,0.625
2574,5.0,0.63,0.55,0.6,0.7
2575,9.0,0.6466666666666667,0.5833333333333334,0.6666666666666666,0.6333333333333333
2576,6.0,0.6791666666666666,0.625,0.6666666666666666,0.7000000000000001
2577,9.0,0.6511111111111112,0.6388888888888888,0.7777777777777778,0.5
2578,11.0,0.7650000000000001,0.7727272727272727,1.0,0.5727272727272728
2579,7.0,0.5578571428571429,0.5,0.42857142857142855,0.6428571428571429
2580,5.0,0.6819999999999999,0.65,0.8,0.54
2581,9.0,0.6975555555555557,0.6944444444444444,0.7777777777777778,0.5666666666666668
2582,9.0,0.6399999999999999,0.5833333333333334,0.6666666666666666,0.6333333333333333
2583,5.0,0.7849999999999999,0.8,1.0,0.6199999999999999
2584,11.0,0.7077272727272728,0.6363636363636364,0.8181818181818182,0.6454545454545455
2585,3.0,0.6066666666666666,0.5833333333333334,0.6666666666666666,0.5
2586,7.0,0.715,0.7142857142857143,0.8571428571428571,0.5857142857142856
2587,8.0,0.718125,0.65625,1.0,0.525
2588,16.0,0.7134375000000002,0.640625,1.0,0.525
2589,14.0,0.6210714285714286,0.5535714285714286,0.6428571428571429,0.6
2590,14.0,0.8175,0.9464285714285714,0.9285714285714286,0.6285714285714287
2591,16.0,0.8025000000000001,0.90625,1.0,0.5625
2592,14.0,0.5014285714285716,0.42857142857142855,0.21428571428571427,0.5285714285714286
2593,17.0,0.8017647058823529,0.8676470588235294,1.0,0.6058823529411764
2594,12.0,0.7545833333333333,0.7708333333333334,1.0,0.5333333333333333
2595,14.0,0.8364285714285715,1.0,1.0,0.5857142857142856
2596,17.0,0.7679411764705882,0.7941176470588235,1.0,0.5588235294117647
2597,18.0,0.6775,0.5972222222222222,0.8333333333333334,0.6000000000000001
2598,24.0,0.63375,0.3958333333333333,0.875,0.6249999999999999
2599,15.0,0.7240000000000001,0.65,0.9333333333333333,0.6066666666666667
2600,17.0,0.795,0.8529411764705882,0.9411764705882353,0.6411764705882351
2601,17.0,0.8326470588235295,0.9705882352941176,1.0,0.6058823529411764
2602,14.0,0.7882142857142859,0.8392857142857143,1.0,0.5857142857142857
2603,15.0,0.8000000000000002,0.8833333333333333,1.0,0.58
2604,15.0,0.6803333333333333,0.6,0.8,0.5933333333333334
2605,17.0,0.5658823529411764,0.27941176470588236,0.7058823529411765,0.6058823529411764
2606,16.0,0.8103125,0.921875,1.0,0.575
2607,14.0,0.709642857142857,0.5535714285714286,1.0,0.6142857142857144
2608,11.0,0.7899999999999999,0.7954545454545454,1.0,0.6454545454545455
2609,17.0,0.6799999999999999,0.5735294117647058,0.8235294117647058,0.6058823529411764
2610,18.0,0.6302777777777779,0.5138888888888888,0.7777777777777778,0.5666666666666667
2611,17.0,0.6900000000000001,0.4852941176470588,1.0,0.6176470588235293
2612,16.0,0.62875,0.5625,0.625,0.625
2613,17.0,0.67,0.5441176470588235,0.8823529411764706,0.5705882352941176
2614,18.0,0.7358333333333333,0.7083333333333334,0.9444444444444444,0.5888888888888888
2615,17.0,0.8444117647058825,1.0,1.0,0.6176470588235293
2616,17.0,0.5961764705882354,0.5294117647058824,0.5294117647058824,0.5470588235294117
2617,18.0,0.7552777777777778,0.6805555555555556,1.0,0.6444444444444444
2618,14.0,0.7200000000000001,0.6785714285714286,0.8571428571428571,0.6142857142857142
2619,17.0,0.646470588235294,0.5735294117647058,0.6470588235294118,0.6058823529411764
2620,17.0,0.5267647058823529,0.4117647058823529,0.4117647058823529,0.6411764705882352
2621,6.0,0.54,0.5833333333333334,0.3333333333333333,0.5666666666666668
2622,3.0,0.7566666666666665,0.75,1.0,0.5666666666666667
2623,34.0,0.7774999999999995,0.7132352941176471,1.0,0.6941176470588232
2624,20.0,0.65675,0.6375,0.75,0.5399999999999999
2625,5.0,0.675,0.7,0.8,0.5
2626,16.0,0.7087499999999998,0.65625,0.8125,0.6749999999999998
2627,17.0,0.6091176470588235,0.5588235294117647,0.5882352941176471,0.6176470588235293
2628,11.0,0.6513636363636363,0.5,0.8181818181818182,0.6272727272727273
2629,20.0,0.6834999999999999,0.675,0.75,0.5899999999999999
2630,16.0,0.4603124999999999,0.140625,0.5,0.6124999999999999
2631,16.0,0.5974999999999999,0.5,0.5,0.6999999999999998
2632,6.0,0.5733333333333334,0.5,0.5,0.6333333333333333
2633,14.0,0.6757142857142856,0.6071428571428571,0.7142857142857143,0.7
2634,16.0,0.6868749999999998,0.625,0.75,0.6874999999999999
2635,17.0,0.7488235294117648,0.7205882352941176,0.9411764705882353,0.6294117647058823
2636,14.0,0.5792857142857143,0.5,0.5,0.6571428571428571
2637,18.0,0.64,0.4444444444444444,0.8333333333333334,0.6333333333333333
2638,7.0,0.5971428571428571,0.5357142857142857,0.5714285714285714,0.6142857142857142
2639,17.0,0.5929411764705882,0.5147058823529411,0.5294117647058824,0.664705882352941
2640,16.0,0.5103125,0.453125,0.375,0.5625
2641,7.0,0.782857142857143,0.8214285714285714,1.0,0.5857142857142856
2642,16.0,0.7059374999999998,0.640625,0.75,0.6999999999999998
2643,17.0,0.684705882352941,0.6029411764705882,0.7647058823529411,0.6764705882352939
2644,3.0,0.6766666666666666,0.5833333333333334,0.6666666666666666,0.6999999999999998
2645,17.0,0.6952941176470587,0.6029411764705882,0.7647058823529411,0.6764705882352939
2646,16.0,0.565,0.46875,0.5625,0.575
2647,17.0,0.7573529411764705,0.8235294117647058,0.8235294117647058,0.6294117647058823
2648,17.0,0.6223529411764704,0.6029411764705882,0.6470588235294118,0.5588235294117647
2649,18.0,0.6511111111111112,0.6944444444444444,0.6111111111111112,0.6
2650,18.0,0.709722222222222,0.625,0.8333333333333334,0.6555555555555554
2651,16.0,0.7240624999999998,0.609375,0.875,0.6999999999999998
2652,18.0,0.7049999999999998,0.6388888888888888,0.8333333333333334,0.6333333333333333
2653,14.0,0.7389285714285714,0.6964285714285714,0.9285714285714286,0.6142857142857142
2654,17.0,0.7097058823529412,0.6470588235294118,0.8823529411764706,0.6058823529411764
2655,3.0,0.8066666666666666,0.9166666666666666,1.0,0.5666666666666667
2656,7.0,0.62,0.5357142857142857,0.5714285714285714,0.6714285714285715
2657,15.0,0.6083333333333333,0.5666666666666667,0.5333333333333333,0.58
2658,15.0,0.6716666666666666,0.6333333333333333,0.8,0.5666666666666667
2659,10.0,0.5049999999999999,0.4,0.4,0.58
2660,16.0,0.6821875,0.765625,0.625,0.625
2661,17.0,0.7400000000000001,0.8382352941176471,0.7058823529411765,0.688235294117647
2662,15.0,0.8300000000000001,0.95,1.0,0.6199999999999999
2663,16.0,0.6509375000000001,0.671875,0.5625,0.6749999999999999
2664,17.0,0.7317647058823527,0.7205882352941176,0.8235294117647058,0.664705882352941
2665,17.0,0.7979411764705884,0.9117647058823529,0.8823529411764706,0.6411764705882352
2666,16.0,0.5946874999999999,0.578125,0.5,0.6249999999999999
2667,18.0,0.7097222222222223,0.6805555555555556,0.8333333333333334,0.5888888888888888
2668,3.0,0.58,0.5833333333333334,0.3333333333333333,0.5666666666666667
2669,9.0,0.643888888888889,0.5,0.7777777777777778,0.6111111111111112
2670,11.0,0.635909090909091,0.5454545454545454,0.6363636363636364,0.6272727272727273
2671,17.0,0.6179411764705883,0.6470588235294118,0.5882352941176471,0.5470588235294117
2672,15.0,0.7579999999999998,0.75,0.8666666666666667,0.6733333333333332
2673,19.0,0.7702631578947368,0.8157894736842105,0.9473684210526315,0.5947368421052631
2674,17.0,0.7238235294117646,0.6176470588235294,1.0,0.5941176470588234
2675,18.0,0.5502777777777779,0.5138888888888888,0.4444444444444444,0.5666666666666667
2676,16.0,0.6993749999999999,0.53125,1.0,0.6
2677,18.0,0.6197222222222223,0.4027777777777778,0.8333333333333334,0.5888888888888888
2678,17.0,0.5926470588235295,0.5588235294117647,0.5294117647058824,0.5823529411764705
2679,18.0,0.7247222222222223,0.625,1.0,0.5888888888888888
2680,18.0,0.8094444444444444,0.8888888888888888,1.0,0.611111111111111
2681,17.0,0.791470588235294,0.8529411764705882,1.0,0.5823529411764705
2682,18.0,0.5253703703703703,0.3888888888888889,0.5,0.5777777777777777
2683,16.0,0.5125000000000001,0.375,0.375,0.6499999999999999
2684,18.0,0.6197222222222222,0.5416666666666666,0.6666666666666666,0.5888888888888888
2685,17.0,0.6961764705882354,0.6764705882352942,0.8235294117647058,0.5470588235294118
2686,14.0,0.8221428571428573,0.9642857142857143,1.0,0.5714285714285714
2687,16.0,0.65,0.46875,0.875,0.5874999999999999
2688,18.0,0.8288888888888888,1.0,1.0,0.5555555555555556
2689,16.0,0.779375,0.90625,0.8125,0.6124999999999999
2690,16.0,0.6865624999999999,0.671875,0.75,0.6
2691,17.0,0.7458823529411766,0.6911764705882353,1.0,0.5941176470588234
2692,18.0,0.6005555555555555,0.4722222222222222,0.6111111111111112,0.611111111111111
2693,16.0,0.6540624999999999,0.578125,0.75,0.6124999999999999
2694,16.0,0.7834375000000001,0.859375,0.875,0.6374999999999998
2695,17.0,0.6047058823529411,0.3088235294117647,0.8823529411764706,0.6058823529411763
2696,14.0,0.785357142857143,0.8392857142857143,0.9285714285714286,0.6285714285714287
2697,17.0,0.7399999999999999,0.6617647058823529,1.0,0.6058823529411765
2698,15.0,0.7033333333333334,0.7166666666666667,0.8,0.5933333333333334
2699,17.0,0.8355882352941177,1.0,1.0,0.5823529411764706
2700,15.0,0.7500000000000001,0.7166666666666667,1.0,0.58
2701,18.0,0.8163888888888888,0.9027777777777778,1.0,0.6222222222222222
2702,11.0,0.7422727272727273,0.6363636363636364,1.0,0.6454545454545455
2703,17.0,0.7847058823529411,0.8382352941176471,0.9411764705882353,0.6176470588235293
2704,17.0,0.7223529411764706,0.6029411764705882,1.0,0.6058823529411764
2705,18.0,0.7544444444444445,0.8055555555555556,0.8888888888888888,0.5888888888888888
2706,15.0,0.6853333333333335,0.6166666666666667,0.8,0.5933333333333334
2707,17.0,0.4997058823529411,0.29411764705882354,0.4117647058823529,0.6176470588235293
2708,17.0,0.7602941176470589,0.7647058823529411,0.8823529411764706,0.6529411764705881
2709,15.0,0.6086666666666667,0.5833333333333334,0.5333333333333333,0.5933333333333334
2710,15.0,0.625,0.5333333333333333,0.6666666666666666,0.5533333333333333
2711,17.0,0.7120588235294119,0.5882352941176471,1.0,0.5823529411764705
2712,18.0,0.7552777777777778,0.7916666666666666,0.9444444444444444,0.5666666666666667
2713,15.0,0.6903333333333331,0.6,0.8,0.6333333333333333
2714,17.0,0.7591176470588233,0.7058823529411765,1.0,0.6294117647058823
2715,17.0,0.7070588235294116,0.75,0.7647058823529411,0.5470588235294117
2716,16.0,0.7125,0.75,0.75,0.625
2717,17.0,0.6235294117647059,0.5735294117647058,0.6470588235294118,0.5705882352941176
2718,17.0,0.8282352941176471,0.9558823529411765,1.0,0.6058823529411765
2719,18.0,0.8288888888888889,1.0,1.0,0.5555555555555556
2720,15.0,0.5973333333333334,0.48333333333333334,0.6666666666666666,0.5666666666666667
2721,16.0,0.8343750000000001,0.96875,0.9375,0.6624999999999999
2722,16.0,0.7109374999999999,0.609375,0.9375,0.6000000000000001
2723,16.0,0.824375,0.96875,1.0,0.575
2724,15.0,0.7166666666666667,0.5833333333333334,1.0,0.6066666666666668
2725,15.0,0.7016666666666667,0.6666666666666666,0.8666666666666667,0.58
2726,17.0,0.806078431372549,0.8382352941176471,1.0,0.664705882352941
2727,18.0,0.7913888888888889,0.875,1.0,0.5555555555555556
2728,13.0,0.7496153846153845,0.6538461538461539,1.0,0.6538461538461539
2729,18.0,0.8247222222222224,0.9583333333333334,1.0,0.5888888888888889
2730,16.0,0.7318749999999999,0.71875,0.875,0.5999999999999999
2731,13.0,0.8053846153846155,0.8653846153846154,1.0,0.6230769230769232
2732,15.0,0.709,0.7333333333333333,0.8,0.5800000000000001
2733,35.0,0.7321428571428571,0.8285714285714286,0.8,0.5742857142857142
2734,14.0,0.6939285714285715,0.6964285714285714,0.7857142857142857,0.5428571428571429
2735,13.0,0.6903846153846154,0.6153846153846154,0.7692307692307693,0.6384615384615385
2736,18.0,0.7947222222222222,0.9027777777777778,0.8888888888888888,0.6333333333333333
2737,17.0,0.6326470588235293,0.5294117647058824,0.7647058823529411,0.5705882352941176
2738,15.0,0.723,0.6666666666666666,0.8666666666666667,0.6333333333333333
2739,17.0,0.6370588235294117,0.36764705882352944,1.0,0.5470588235294118
2740,17.0,0.6688235294117648,0.6323529411764706,0.6470588235294118,0.6529411764705881
2741,11.0,0.5945454545454545,0.5681818181818182,0.6363636363636364,0.5
2742,13.0,0.621923076923077,0.5,0.6153846153846154,0.6384615384615385
2743,17.0,0.5882352941176471,0.45588235294117646,0.6470588235294118,0.5705882352941177
2744,52.0,0.6446153846153844,0.5865384615384616,0.6538461538461539,0.6192307692307689
2745,18.0,0.5413888888888888,0.4305555555555556,0.4444444444444444,0.5777777777777777
2746,17.0,0.5392156862745097,0.4264705882352941,0.47058823529411764,0.6176470588235293
2747,13.0,0.6296153846153845,0.6153846153846154,0.6153846153846154,0.5307692307692308
2748,11.0,0.756818181818182,0.8181818181818182,0.8181818181818182,0.6454545454545455
2749,17.0,0.5814705882352942,0.47058823529411764,0.47058823529411764,0.688235294117647
2750,18.0,0.6088888888888888,0.5,0.6111111111111112,0.611111111111111
2751,8.0,0.630625,0.53125,0.75,0.5750000000000001
2752,16.0,0.6521875,0.484375,0.8125,0.625
2753,17.0,0.69,0.5147058823529411,1.0,0.5823529411764706
2754,11.0,0.8059090909090911,0.9090909090909091,1.0,0.5727272727272728
2755,15.0,0.7296666666666666,0.7,0.8666666666666667,0.6199999999999999
2756,17.0,0.7164705882352941,0.6029411764705882,1.0,0.5823529411764705
2757,16.0,0.774375,0.78125,1.0,0.6000000000000001
2758,14.0,0.6842857142857143,0.6071428571428571,0.8571428571428571,0.5571428571428572
2759,16.0,0.5484375,0.515625,0.4375,0.5625
2760,18.0,0.6980555555555555,0.5694444444444444,0.8888888888888888,0.6333333333333333
2761,18.0,0.7725000000000001,0.7916666666666666,0.9444444444444444,0.6222222222222222
2762,15.0,0.7203333333333334,0.8333333333333334,0.6666666666666666,0.6066666666666667
2763,17.0,0.6229411764705881,0.4852941176470588,0.6470588235294118,0.6176470588235293
2764,16.0,0.5575,0.53125,0.375,0.6124999999999999
2765,16.0,0.843125,0.96875,1.0,0.6499999999999999
2766,17.0,0.613235294117647,0.47058823529411764,0.6470588235294118,0.6529411764705882
2767,18.0,0.7594444444444445,0.8055555555555556,0.9444444444444444,0.5666666666666667
2768,18.0,0.6758333333333333,0.5694444444444444,0.8333333333333334,0.6000000000000001
2769,17.0,0.5588235294117648,0.5147058823529411,0.47058823529411764,0.5588235294117647
2770,17.0,0.8238235294117647,0.9411764705882353,1.0,0.6058823529411764
2771,17.0,0.79,0.8676470588235294,1.0,0.5588235294117647
2772,17.0,0.6223529411764706,0.5735294117647058,0.6470588235294118,0.5235294117647059
2773,16.0,0.7790625000000001,0.859375,1.0,0.525
2774,16.0,0.8109375,0.921875,0.9375,0.625
2775,15.0,0.825,0.9333333333333333,1.0,0.62
2776,15.0,0.7173333333333335,0.75,0.8666666666666667,0.5266666666666667
2777,17.0,0.5341176470588236,0.3382352941176471,0.5294117647058824,0.5705882352941176
2778,18.0,0.8219444444444444,0.9305555555555556,1.0,0.611111111111111
2779,17.0,0.7257058823529412,0.7352941176470589,0.8823529411764706,0.5823529411764705
2780,16.0,0.6306250000000001,0.5625,0.625,0.6624999999999999
2781,30.0,0.7133333333333333,0.7,0.8333333333333334,0.5799999999999998
2782,15.0,0.575,0.4,0.6666666666666666,0.5933333333333334
2783,14.0,0.7507142857142857,0.75,0.9285714285714286,0.6142857142857142
2784,16.0,0.6821875,0.765625,0.6875,0.5625
2785,16.0,0.6915625,0.671875,0.8125,0.5874999999999999
2786,24.0,0.7102083333333331,0.6979166666666666,0.875,0.5583333333333332
2787,18.0,0.5136111111111111,0.4027777777777778,0.4444444444444444,0.5666666666666667
2788,5.0,0.556,0.35,0.4,0.7
2789,32.0,0.7534374999999998,0.78125,0.90625,0.5874999999999999
2790,16.0,0.6168750000000001,0.53125,0.625,0.6
2791,17.0,0.6591176470588236,0.7352941176470589,0.5882352941176471,0.6058823529411765
2792,16.0,0.7709375,0.828125,0.875,0.6249999999999999
2793,18.0,0.8066666666666666,0.9166666666666666,1.0,0.5666666666666667
2794,18.0,0.7577777777777777,0.8055555555555556,0.8888888888888888,0.5888888888888889
2795,14.0,0.5185714285714286,0.32142857142857145,0.5,0.6285714285714287
2796,16.0,0.7399999999999999,0.625,1.0,0.6499999999999999
2797,14.0,0.7578571428571429,0.75,1.0,0.5714285714285714
2798,17.0,0.6882352941176472,0.5735294117647058,0.8823529411764706,0.5941176470588235
2799,16.0,0.7978125,0.859375,1.0,0.6
2800,30.0,0.7864999999999998,0.8583333333333333,0.9,0.6399999999999998
2801,17.0,0.8355882352941176,0.9705882352941176,1.0,0.6176470588235294
2802,17.0,0.724705882352941,0.7205882352941176,0.7647058823529411,0.6529411764705881
2803,15.0,0.69,0.6833333333333333,0.8,0.58
2804,16.0,0.7228124999999999,0.578125,1.0,0.6375
2805,18.0,0.8247222222222221,0.9583333333333334,1.0,0.5888888888888889
2806,18.0,0.7086111111111111,0.6527777777777778,0.9444444444444444,0.5333333333333334
2807,16.0,0.7540624999999999,0.734375,1.0,0.575
2808,17.0,0.6352941176470588,0.6323529411764706,0.5294117647058824,0.5941176470588235
2809,16.0,0.74,0.6875,1.0,0.575
2810,16.0,0.7478124999999999,0.734375,1.0,0.55
2811,12.0,0.79625,0.8958333333333334,1.0,0.55
2812,16.0,0.7134375,0.609375,1.0,0.5625
2813,18.0,0.8511111111111113,1.0,1.0,0.6444444444444444
2814,16.0,0.7525000000000001,0.6875,1.0,0.6249999999999999
2815,16.0,0.6715625,0.578125,0.8125,0.575
2816,14.0,0.6467857142857143,0.5535714285714286,0.7142857142857143,0.6142857142857142
2817,17.0,0.7294117647058824,0.6911764705882353,0.8823529411764706,0.6176470588235294
2818,17.0,0.5811764705882353,0.4852941176470588,0.5294117647058824,0.6529411764705881
2819,17.0,0.5523529411764707,0.4852941176470588,0.5294117647058824,0.523529411764706
2820,14.0,0.7471428571428572,0.75,0.9285714285714286,0.6000000000000002
2821,17.0,0.7332352941176471,0.6764705882352942,0.9411764705882353,0.6058823529411765
2822,16.0,0.6765625,0.609375,0.875,0.525
2823,6.0,0.7441666666666666,0.7083333333333334,1.0,0.5666666666666667
2824,18.0,0.7069444444444445,0.7638888888888888,0.7777777777777778,0.5333333333333334
2825,17.0,0.7311764705882353,0.7205882352941176,0.8823529411764706,0.6176470588235294
2826,15.0,0.7539999999999999,0.7833333333333333,0.9333333333333333,0.5666666666666667
2827,17.0,0.559705882352941,0.4117647058823529,0.5882352941176471,0.5823529411764705
2828,18.0,0.5077777777777777,0.4444444444444444,0.3333333333333333,0.5777777777777777
2829,13.0,0.5284615384615384,0.40384615384615385,0.46153846153846156,0.6076923076923078
2830,15.0,0.5926666666666666,0.55,0.4666666666666667,0.62
2831,35.0,0.6034285714285712,0.5071428571428571,0.4857142857142857,0.6428571428571426
2832,17.0,0.6347058823529412,0.6323529411764706,0.7058823529411765,0.5
2833,18.0,0.685,0.6944444444444444,0.7222222222222222,0.611111111111111
2834,17.0,0.5926470588235293,0.5,0.5882352941176471,0.5941176470588235
2835,17.0,0.6979411764705883,0.6176470588235294,0.8823529411764706,0.5941176470588234
2836,33.0,0.6519696969696969,0.6666666666666666,0.6060606060606061,0.5909090909090907
2837,31.0,0.724838709677419,0.6854838709677419,0.8387096774193549,0.6548387096774191
2838,18.0,0.7072222222222221,0.5833333333333334,0.9444444444444444,0.6111111111111112
2839,14.0,0.6760714285714285,0.5892857142857143,0.7857142857142857,0.6
2840,17.0,0.7399999999999999,0.7205882352941176,1.0,0.5352941176470589
2841,15.0,0.46999999999999986,0.2833333333333333,0.3333333333333333,0.6466666666666666
2842,18.0,0.5311111111111111,0.3888888888888889,0.4444444444444444,0.6000000000000001
2843,18.0,0.6988888888888888,0.6388888888888888,0.7777777777777778,0.6777777777777776
2844,17.0,0.5882352941176471,0.5441176470588235,0.47058823529411764,0.6411764705882351
2845,50.0,0.4804999999999998,0.345,0.34,0.5599999999999998
2846,14.0,0.5653571428571428,0.4107142857142857,0.6428571428571429,0.5142857142857143
2847,14.0,0.6525,0.6607142857142857,0.6428571428571429,0.6142857142857142
2848,8.0,0.6225,0.5,0.75,0.55
2849,20.0,0.7675,0.85,0.9,0.5899999999999999
2850,14.0,0.6989285714285715,0.6964285714285714,0.8571428571428571,0.5428571428571429
2851,19.0,0.4907894736842105,0.23684210526315788,0.3684210526315789,0.6368421052631578
2852,16.0,0.625,0.59375,0.6875,0.525
2853,27.0,0.6446296296296294,0.5370370370370371,0.7407407407407407,0.5888888888888887
2854,18.0,0.7783333333333334,0.8888888888888888,0.7777777777777778,0.6555555555555554
2855,18.0,0.6205555555555556,0.5277777777777778,0.7222222222222222,0.5666666666666667
2856,17.0,0.6326470588235292,0.5294117647058824,0.7058823529411765,0.5588235294117647
2857,19.0,0.5824736842105263,0.5263157894736842,0.47368421052631576,0.5421052631578948
2858,18.0,0.5030555555555556,0.4305555555555556,0.2777777777777778,0.5777777777777777
2859,15.0,0.6474444444444445,0.8,0.4666666666666667,0.6066666666666668
2860,17.0,0.7141176470588235,0.6029411764705882,0.9411764705882353,0.6176470588235293
2861,13.0,0.5123076923076924,0.21153846153846154,0.6923076923076923,0.46923076923076923
2862,17.0,0.6708823529411764,0.5,1.0,0.5235294117647059
2863,15.0,0.6106666666666668,0.55,0.5333333333333333,0.5933333333333334
2864,16.0,0.5009374999999999,0.359375,0.4375,0.5750000000000001
2865,18.0,0.533611111111111,0.375,0.5,0.6111111111111112
2866,16.0,0.6859374999999999,0.734375,0.6875,0.6
2867,13.0,0.7350000000000001,0.6923076923076923,0.9230769230769231,0.6076923076923078
2868,15.0,0.685,0.7,0.8,0.5399999999999999
2869,13.0,0.6503846153846156,0.6923076923076923,0.6923076923076923,0.5
2870,15.0,0.6826666666666666,0.65,0.7333333333333333,0.5933333333333334
2871,17.0,0.6476470588235292,0.5441176470588235,0.7058823529411765,0.6294117647058822
2872,15.0,0.5563333333333333,0.5,0.4666666666666667,0.5666666666666667
2873,16.0,0.4740625,0.328125,0.25,0.6625
2874,15.0,0.697,0.6333333333333333,0.8,0.6199999999999999
2875,17.0,0.6208823529411767,0.47058823529411764,0.7058823529411765,0.5823529411764706
2876,17.0,0.7694117647058824,0.8088235294117647,0.9411764705882353,0.6058823529411764
2877,16.0,0.6809374999999999,0.609375,0.8125,0.575
2878,19.0,0.6423684210526315,0.5526315789473685,0.7368421052631579,0.5842105263157894
2879,35.0,0.6694285714285713,0.5071428571428571,0.9142857142857143,0.5742857142857142
2880,52.0,0.6431730769230768,0.5625,0.6346153846153846,0.6153846153846151
2881,48.0,0.7529166666666666,0.7916666666666666,0.8958333333333334,0.5958333333333331
2882,13.0,0.5111538461538461,0.4230769230769231,0.46153846153846156,0.5153846153846154
2883,16.0,0.6809375,0.640625,0.75,0.6
2884,17.0,0.593235294117647,0.5294117647058824,0.5882352941176471,0.5470588235294118
2885,17.0,0.7826470588235291,0.7941176470588235,1.0,0.6176470588235293
2886,19.0,0.6147368421052631,0.5394736842105263,0.631578947368421,0.594736842105263
2887,18.0,0.6638888888888889,0.5833333333333334,0.7777777777777778,0.5777777777777777
2888,17.0,0.5297058823529411,0.5294117647058824,0.4117647058823529,0.5117647058823529
2889,33.0,0.7627272727272721,0.7651515151515151,1.0,0.5727272727272726
2890,17.0,0.5841176470588235,0.39705882352941174,0.7058823529411765,0.5235294117647058
2891,32.0,0.6901562499999998,0.6640625,0.8125,0.5687499999999999
2892,16.0,0.7806250000000001,0.875,0.875,0.6375
2893,29.0,0.7153448275862068,0.7931034482758621,0.7241379310344828,0.5758620689655171
2894,27.0,0.6155555555555556,0.5648148148148148,0.6296296296296297,0.5592592592592592
2895,17.0,0.7685294117647059,0.7941176470588235,0.8823529411764706,0.664705882352941
2896,34.0,0.6714705882352938,0.6617647058823529,0.6470588235294118,0.5999999999999999
2897,34.0,0.6023529411764704,0.5735294117647058,0.5882352941176471,0.5588235294117646
2898,17.0,0.7664705882352941,0.8970588235294118,0.8823529411764706,0.5470588235294118
2899,18.0,0.5547222222222223,0.4027777777777778,0.4444444444444444,0.611111111111111
2900,35.0,0.6468571428571425,0.5928571428571429,0.6857142857142857,0.5685714285714284
2901,16.0,0.6909374999999999,0.609375,0.75,0.6624999999999999
2902,17.0,0.5435294117647059,0.36764705882352944,0.5882352941176471,0.5705882352941177
2903,15.0,0.6863333333333332,0.7,0.7333333333333333,0.58
2904,3.0,0.8483333333333335,1.0,1.0,0.6333333333333333
2905,6.0,0.6516666666666666,0.6666666666666666,0.6666666666666666,0.5
2906,16.0,0.5703125,0.359375,0.5625,0.6375
2907,3.0,0.47666666666666674,0.4166666666666667,0.3333333333333333,0.4333333333333333
2908,16.0,0.5278124999999999,0.484375,0.25,0.6749999999999998
2909,16.0,0.6584375,0.640625,0.6875,0.5874999999999999
2910,7.0,0.7257142857142858,0.8214285714285714,0.8571428571428571,0.5
2911,18.0,0.5091666666666668,0.375,0.3888888888888889,0.611111111111111
2912,16.0,0.5040625,0.421875,0.25,0.6249999999999999
2913,16.0,0.6024999999999999,0.46875,0.5625,0.6499999999999999
2914,17.0,0.7097058823529412,0.6176470588235294,0.9411764705882353,0.5823529411764705
2915,15.0,0.7566666666666666,0.7166666666666667,1.0,0.6066666666666667
2916,15.0,0.6180000000000001,0.5166666666666667,0.5333333333333333,0.6466666666666666
2917,18.0,0.7466666666666666,0.7777777777777778,0.8888888888888888,0.5777777777777777
2918,16.0,0.7359375000000001,0.828125,0.75,0.625
2919,16.0,0.6634375,0.640625,0.6875,0.5625000000000001
2920,17.0,0.6199999999999999,0.36764705882352944,0.9411764705882353,0.5235294117647059
2921,18.0,0.6944444444444445,0.7222222222222222,0.7777777777777778,0.5333333333333334
2922,15.0,0.7683333333333332,0.8,1.0,0.5533333333333333
2923,9.0,0.515,0.4444444444444444,0.3333333333333333,0.6333333333333333
2924,13.0,0.7073076923076923,0.6923076923076923,0.8461538461538461,0.5923076923076923
2925,18.0,0.5691666666666667,0.4305555555555556,0.4444444444444444,0.6222222222222221
2926,18.0,0.5841666666666667,0.5694444444444444,0.4444444444444444,0.6222222222222221
2927,17.0,0.7555882352941176,0.8529411764705882,0.7647058823529411,0.6176470588235293
2928,17.0,0.6038235294117648,0.5588235294117647,0.5882352941176471,0.5823529411764705
2929,15.0,0.4743333333333333,0.3333333333333333,0.26666666666666666,0.6066666666666667
2930,16.0,0.628125,0.53125,0.75,0.5499999999999999
2931,16.0,0.6624999999999999,0.65625,0.6875,0.6000000000000001
2932,17.0,0.5941176470588235,0.4852941176470588,0.6470588235294118,0.5588235294117647
2933,14.0,0.7078571428571429,0.6785714285714286,0.8571428571428571,0.6
2934,19.0,0.7039473684210528,0.7368421052631579,0.6842105263157895,0.6368421052631578
2935,15.0,0.6773333333333333,0.6833333333333333,0.8,0.5133333333333333
2936,16.0,0.66375,0.59375,0.6875,0.6499999999999999
2937,18.0,0.5705555555555556,0.4444444444444444,0.4444444444444444,0.6777777777777776
2938,16.0,0.6884374999999999,0.734375,0.75,0.5625
2939,13.0,0.7580769230769231,0.8846153846153846,0.8461538461538461,0.5461538461538461
2940,17.0,0.8252941176470588,0.9558823529411765,1.0,0.5941176470588235
2941,15.0,0.676,0.75,0.6,0.58
2942,5.0,0.51,0.45,0.4,0.54
2943,17.0,0.5664705882352941,0.5735294117647058,0.47058823529411764,0.5470588235294118
2944,8.0,0.5525,0.5,0.375,0.525
2945,14.0,0.7453571428571429,0.7678571428571429,0.9285714285714286,0.5714285714285714
2946,21.0,0.7757142857142857,0.8928571428571429,0.9047619047619048,0.5666666666666665
2947,17.0,0.6347058823529412,0.5735294117647058,0.7058823529411765,0.5705882352941176
2948,19.0,0.7957894736842105,0.9342105263157895,0.9473684210526315,0.5421052631578946
2949,17.0,0.6152941176470589,0.5147058823529411,0.7058823529411765,0.5352941176470589
2950,16.0,0.661875,0.625,0.625,0.6375
2951,15.0,0.6316666666666667,0.6666666666666666,0.6,0.5666666666666667
2952,17.0,0.5835294117647059,0.4852941176470588,0.5294117647058824,0.6058823529411764
2953,17.0,0.5326470588235294,0.35294117647058826,0.4117647058823529,0.5941176470588235
2954,15.0,0.5546666666666666,0.4166666666666667,0.6,0.5266666666666667
2955,17.0,0.5508823529411765,0.47058823529411764,0.47058823529411764,0.5941176470588235
2956,33.0,0.506212121212121,0.3787878787878788,0.3333333333333333,0.633333333333333
2957,14.0,0.6132142857142856,0.48214285714285715,0.7142857142857143,0.6
2958,16.0,0.7009375000000001,0.765625,0.75,0.575
2959,14.0,0.7185714285714285,0.6428571428571429,0.9285714285714286,0.6142857142857142
2960,15.0,0.5890000000000001,0.5,0.6,0.5800000000000001
2961,30.0,0.5986666666666667,0.5,0.5666666666666667,0.6599999999999997
2962,19.0,0.6192105263157895,0.5,0.6842105263157895,0.5947368421052631
2963,14.0,0.6003571428571428,0.5535714285714286,0.5714285714285714,0.5714285714285714
2964,8.0,0.8400000000000002,1.0,1.0,0.6
2965,16.0,0.4756249999999999,0.25,0.3125,0.625
2966,17.0,0.6726470588235294,0.6470588235294118,0.7058823529411765,0.6058823529411765
2967,16.0,0.749375,0.71875,1.0,0.575
2968,19.0,0.558157894736842,0.4473684210526316,0.5263157894736842,0.5842105263157894
2969,18.0,0.645,0.5277777777777778,0.7222222222222222,0.611111111111111
2970,18.0,0.7363888888888888,0.7361111111111112,0.8888888888888888,0.6
2971,17.0,0.4464705882352941,0.3088235294117647,0.29411764705882354,0.5470588235294118
2972,19.0,0.628157894736842,0.5263157894736842,0.6842105263157895,0.5736842105263157
2973,17.0,0.8179411764705883,0.8823529411764706,1.0,0.6529411764705881
2974,29.0,0.6472413793103446,0.49137931034482757,0.7931034482758621,0.6379310344827583
2975,19.0,0.5444736842105263,0.3684210526315789,0.42105263157894735,0.6157894736842104
2976,16.0,0.6340625,0.484375,0.8125,0.5375000000000001
2977,17.0,0.6720588235294117,0.6176470588235294,0.7647058823529411,0.5941176470588235
2978,16.0,0.7265625,0.734375,0.875,0.575
2979,16.0,0.5056249999999999,0.34375,0.5,0.55
2980,28.0,0.6898214285714284,0.5803571428571429,0.8571428571428571,0.6285714285714283
2981,6.0,0.5750000000000001,0.4166666666666667,0.6666666666666666,0.5333333333333333
2982,18.0,0.6397222222222223,0.5972222222222222,0.6111111111111112,0.5777777777777778
2983,16.0,0.6465625,0.703125,0.5625,0.575
2984,15.0,0.576,0.45,0.5333333333333333,0.6066666666666667
2985,15.0,0.4523333333333334,0.3,0.2,0.5933333333333334
2986,20.0,0.56725,0.4125,0.55,0.6399999999999999
2987,16.0,0.5593750000000001,0.40625,0.5,0.6
2988,17.0,0.7202941176470589,0.7352941176470589,0.7647058823529411,0.6176470588235293
2989,3.0,0.6183333333333333,0.5,0.6666666666666666,0.5666666666666667
2990,17.0,0.5805882352941175,0.36764705882352944,0.7647058823529411,0.5
2991,30.0,0.7333333333333331,0.7833333333333333,0.8333333333333334,0.5599999999999999
2992,16.0,0.7228125,0.765625,0.875,0.5375000000000001
2993,17.0,0.4755882352941176,0.29411764705882354,0.4117647058823529,0.5352941176470589
2994,5.0,0.7449999999999999,1.0,0.6,0.6199999999999999
2995,29.0,0.6312068965517242,0.5689655172413793,0.6551724137931034,0.6103448275862067
2996,18.0,0.7025000000000001,0.7083333333333334,0.7777777777777778,0.6222222222222222
1766843705,,,,,
1766843991,,,,,
1766844015,,,,,
